scene_idx,scene_id,algo,snr_db,K,modulation,gain_err_dB,phase_err_deg,mutual_coupling,position_err_pct,rmspe_deg,elapsed_s,true_deg,est_deg
610,610,music,11.806540489196777,3,0,0.0999755859375,1.0,0.0200042724609375,1.0,37.0975515026058,0.0060635419795289636,-55.1670;-30.8143;+42.6032,-43.0053;+30.9304;+55.5789
734,734,music,12.300378799438477,3,0,0.0999755859375,1.0,0.0200042724609375,1.0,58.843664980675804,0.0005200830055400729,+21.5265;+27.3930;+39.2965,-38.9696;-27.7687;-21.4088
285,285,music,15.988744735717773,3,0,0.0999755859375,1.0,0.0200042724609375,1.0,50.65302008996605,0.0004911660216748714,-46.6149;+43.3297;+55.6314,-55.0374;-43.4965;+46.2797
404,404,music,19.65530776977539,3,0,0.0999755859375,1.0,0.0200042724609375,1.0,28.252486363110417,0.0004794999258592725,-54.0385;+10.9020;+23.6822,-23.9763;-11.0389;+55.4543
99,99,music,-2.52443790435791,3,0,0.0999755859375,1.0,0.0200042724609375,1.0,64.77370711919525,0.00047695799730718136,+31.0498;+37.4056;+42.1725,-41.3237;-31.9092;-8.2700
15,15,music,1.7757166624069214,3,0,0.0999755859375,1.0,0.0200042724609375,1.0,19.02879063628572,0.00047366705257445574,-37.9628;-15.9846;+43.6881,-43.7913;+15.9541;+38.0102
424,424,music,12.235759735107422,3,0,0.0999755859375,1.0,0.0200042724609375,1.0,36.64384893736194,0.00047320802696049213,-30.7399;-13.7660;-10.3818,+10.3474;+12.1520;+30.4644
112,112,music,0.33993351459503174,3,0,0.0999755859375,1.0,0.0200042724609375,1.0,21.827045535875506,0.00047016702592372894,-34.3271;-14.9805;+50.3898,-50.9086;+15.1681;+34.7255
180,180,music,18.215147018432617,3,0,0.0999755859375,1.0,0.0200042724609375,1.0,77.83923281265282,0.00047104095574468374,+29.8401;+35.5512;+52.3413,-50.9970;-35.5451;-28.8223
646,646,music,-0.9076395034790039,3,0,0.0999755859375,1.0,0.0200042724609375,1.0,39.32538861268058,0.0004692090442404151,-29.2077;+27.0353;+57.7586,-59.0519;-27.3658;+29.6641
826,826,music,17.895111083984375,3,0,0.0999755859375,1.0,0.0200042724609375,1.0,22.7602881402752,0.0004700410645455122,-25.2712;+13.6841;+45.2517,-45.5289;-13.7436;+25.4668
60,60,music,1.5703662633895874,3,0,0.0999755859375,1.0,0.0200042724609375,1.0,12.451983887961882,0.00047833402641117573,-14.4554;+10.1788;+18.7352,-18.8570;-10.4893;+14.4210
445,445,music,-0.38266122341156006,3,0,0.0999755859375,1.0,0.0200042724609375,1.0,50.99260107642588,0.0004712500376626849,-22.9114;+36.5025;+57.9641,-58.0601;-36.5536;+22.9197
634,634,music,16.995849609375,3,0,0.0999755859375,1.0,0.0200042724609375,1.0,23.582449261226085,0.00047091697342693806,-59.5854;-14.2934;+38.9640,-38.9775;+14.2936;+59.6157
639,639,music,9.304220199584961,3,0,0.0999755859375,1.0,0.0200042724609375,1.0,26.786641325809182,0.0004908749833703041,-14.2948;-3.1211;+47.1099,-46.4728;+3.0536;+14.2615
43,43,music,-8.028377532958984,3,0,0.0999755859375,1.0,0.0200042724609375,1.0,33.37864615140083,0.0005447500152513385,+13.8090;+21.4131;+29.2529,-27.0288;-15.9453;+12.5486
186,186,music,-7.858457565307617,3,0,0.0999755859375,1.0,0.0200042724609375,1.0,37.08078497820796,0.0005047919694334269,-3.7224;+45.5704;+49.9264,-48.2829;+4.3528;+28.9404
919,919,music,3.351797342300415,3,0,0.0999755859375,1.0,0.0200042724609375,1.0,21.1502021757675,0.0005150829674676061,-41.9026;-16.3526;+53.9934,-53.0895;+16.1859;+41.4201
559,559,music,6.896313190460205,3,0,0.0999755859375,1.0,0.0200042724609375,1.0,73.37593119161168,0.0004927079426124692,+38.8674;+49.7607;+57.5373,-52.5939;-37.3513;+43.4513
326,326,music,7.3866801261901855,3,0,0.0999755859375,1.0,0.0200042724609375,1.0,26.765945666839244,0.00048329203855246305,-51.0349;-23.1745;+55.1183,-54.1597;+22.8077;+50.1068
605,605,music,12.42630672454834,3,0,0.0999755859375,1.0,0.0200042724609375,1.0,33.72438119912482,0.000478208065032959,-36.9015;-27.4702;+22.8808,-22.9582;+27.5657;+36.6151
713,713,music,-3.871689796447754,3,0,0.0999755859375,1.0,0.0200042724609375,1.0,12.79839297792797,0.000491625047288835,-16.3255;+2.1313;+31.8807,-31.1374;-2.2996;+15.9945
409,409,music,-9.24030876159668,3,0,0.0999755859375,1.0,0.0200042724609375,1.0,27.998961854966137,0.0004938750062137842,-56.8827;-24.0350;+54.6003,-55.3480;+24.4168;+55.9788
548,548,music,1.196569800376892,3,0,0.0999755859375,1.0,0.0200042724609375,1.0,7.287410710694245,0.000496583990752697,-55.8399;+5.0944;+50.8393,-51.0523;-5.2474;+56.2655
853,853,music,-2.2563743591308594,3,0,0.0999755859375,1.0,0.0200042724609375,1.0,30.352604898882706,0.0005026250146329403,-33.1380;-16.5297;+4.6351,-4.5307;+16.7495;+33.5826
222,222,music,12.391558647155762,3,0,0.0999755859375,1.0,0.0200042724609375,1.0,23.19142331694355,0.0005053749773651361,-12.8410;+1.8478;+40.6697,-41.7317;-1.9497;+13.0213
593,593,music,16.433242797851562,3,0,0.0999755859375,1.0,0.0200042724609375,1.0,58.57659423832837,0.0004929999122396111,-54.8125;-42.4422;+13.0604,-12.7261;+41.1849;+52.1615
766,766,music,17.386438369750977,3,0,0.0999755859375,1.0,0.0200042724609375,1.0,31.68583282504243,0.0005013750633224845,-14.3706;+18.2892;+43.1192,-43.5831;-18.3563;+14.5586
18,18,music,13.076733589172363,3,0,0.0999755859375,1.0,0.0200042724609375,1.0,56.075532003009236,0.00048804201651364565,-7.2793;+37.6303;+51.4790,-50.5444;-37.2411;+7.2546
819,819,music,2.9622297286987305,3,0,0.0999755859375,1.0,0.0200042724609375,1.0,75.4495385696845,0.00048204197082668543,+21.8431;+34.8998;+57.9872,-56.3406;-33.3021;-21.4718
387,387,music,11.655769348144531,3,0,0.0999755859375,1.0,0.0200042724609375,1.0,72.03986385477693,0.0004733750829473138,+15.2456;+35.6827;+56.7440,-57.1094;-36.0544;-15.2821
510,510,music,14.32138729095459,3,0,0.0999755859375,1.0,0.0200042724609375,1.0,23.007722016771044,0.0004719579592347145,-50.6704;+18.6656;+40.6006,-40.4271;-18.6354;+50.1807
552,552,music,10.473672866821289,3,0,0.0999755859375,1.0,0.0200042724609375,1.0,30.30061038648667,0.0004718749551102519,-27.1819;-14.4455;+57.9366,-58.5253;+14.4903;+27.3639
835,835,music,7.703700065612793,3,0,0.0999755859375,1.0,0.0200042724609375,1.0,53.62399708163286,0.0004693330265581608,-31.0912;+44.2031;+53.3729,-51.9519;-43.4928;+30.9929
592,592,music,12.176923751831055,3,0,0.0999755859375,1.0,0.0200042724609375,1.0,15.530387611953104,0.00047491700388491154,-28.7480;-25.1016;+19.9986,-19.7991;-0.1355;+24.4920
273,273,music,-5.604306697845459,3,0,0.0999755859375,1.0,0.0200042724609375,1.0,36.44030427850839,0.0004719579592347145,-46.9478;+27.8097;+34.1785,-66.2339;-31.0527;+46.3006
393,393,music,-1.1931712627410889,3,0,0.0999755859375,1.0,0.0200042724609375,1.0,76.56806655022713,0.00047870795242488384,+43.9222;+48.2745;+51.6973,-51.1853;-44.1484;+50.9379
449,449,music,-7.53963041305542,3,0,0.0999755859375,1.0,0.0200042724609375,1.0,34.75156963654879,0.00047212501522153616,-40.2702;-29.8007;+37.3331,-37.4171;+30.2177;+40.8925
588,588,music,3.9387385845184326,3,0,0.0999755859375,1.0,0.0200042724609375,1.0,38.92909533643962,0.0004706250037997961,-47.6196;-19.8647;+8.9768,-8.7963;+19.7987;+47.2651
402,402,music,14.92734432220459,3,0,0.0999755859375,1.0,0.0200042724609375,1.0,56.269081004637755,0.0004692090442404151,-55.3873;-32.2757;+3.5747,-3.5274;+32.1072;+55.1887
875,875,music,13.798824310302734,3,0,0.0999755859375,1.0,0.0200042724609375,1.0,13.954125671134321,0.0004729999927803874,-57.9349;-5.6265;+42.7842,-43.2496;+5.5177;+58.4143
336,336,music,-3.1998958587646484,3,0,0.0999755859375,1.0,0.0200042724609375,1.0,14.610736376228152,0.0004712500376626849,-58.2940;+8.9721;+46.2062,-46.9993;-8.9233;+60.0845
137,137,music,6.747828483581543,3,0,0.0999755859375,1.0,0.0200042724609375,1.0,24.07302739397609,0.0004726659972220659,-25.6538;-11.3170;+0.9499,-0.9683;+11.4630;+25.6528
941,941,music,-5.707263469696045,3,0,0.0999755859375,1.0,0.0200042724609375,1.0,43.49381647568633,0.0004712080117315054,-11.6576;+31.7548;+40.4068,-39.8064;-31.7173;+11.1822
104,104,music,-3.29761004447937,3,0,0.0999755859375,1.0,0.0200042724609375,1.0,60.915535582151556,0.00047154200728982687,-54.7412;-39.0054;+5.4970,-5.7563;+39.8536;+55.6352
292,292,music,-4.4918365478515625,3,0,0.0999755859375,1.0,0.0200042724609375,1.0,81.15913708030476,0.0004694160306826234,+41.3522;+50.3754;+53.7361,-50.3969;-41.6767;+0.1737
235,235,music,14.405291557312012,3,0,0.0999755859375,1.0,0.0200042724609375,1.0,36.82463723943757,0.0004704580642282963,-29.4769;-24.4721;+58.5015,-59.2870;+24.2018;+30.0344
369,369,music,-2.2381691932678223,3,0,0.0999755859375,1.0,0.0200042724609375,1.0,25.207909344324285,0.00046916608698666096,-27.9848;-2.9763;+58.3225,-58.6981;+2.9407;+27.8594
760,760,music,17.673906326293945,3,0,0.0999755859375,1.0,0.0200042724609375,1.0,40.57921965473651,0.00046829204075038433,-43.2573;-33.7788;+30.0311,-30.0139;+33.9949;+43.1215
493,493,music,-2.294987678527832,3,0,0.0999755859375,1.0,0.0200042724609375,1.0,19.647717054078775,0.0004717499250546098,-37.4413;+9.6923;+14.0460,-12.4513;+14.9454;+36.5405
525,525,music,-5.278967380523682,3,0,0.0999755859375,1.0,0.0200042724609375,1.0,12.890920655677052,0.0004693330265581608,-21.2830;+11.3473;+21.3912,-20.9903;-10.9755;+21.0276
791,791,music,7.29545783996582,3,0,0.0999755859375,1.0,0.0200042724609375,1.0,3.840032022832055,0.00046983303036540747,-54.2250;-0.9151;+49.6081,-49.8620;+0.7740;+54.3355
47,47,music,19.24672508239746,3,0,0.0999755859375,1.0,0.0200042724609375,1.0,23.15057924714509,0.0004735830007120967,-2.4787;+6.7654;+28.9849,-29.3003;-6.9450;+2.5184
361,361,music,0.05371825024485588,3,0,0.0999755859375,1.0,0.0200042724609375,1.0,22.655536537197193,0.00047233293298631907,-37.3313;-14.2323;+56.4289,-56.5132;+14.1757;+37.3276
720,720,music,7.078709125518799,3,0,0.0999755859375,1.0,0.0200042724609375,1.0,42.40043043339789,0.0004693330265581608,-11.7753;+20.2900;+55.5735,-54.7790;-20.0065;+11.7526
23,23,music,5.505056858062744,3,0,0.0999755859375,1.0,0.0200042724609375,1.0,80.10875690692451,0.00046841602306813,+27.3501;+36.7560;+57.1659,-55.8558;-35.9931;-26.7184
888,888,music,-2.7177329063415527,3,0,0.0999755859375,1.0,0.0200042724609375,1.0,41.01992986845848,0.0004710830980911851,-45.0704;-41.7550;-2.6757,-13.9776;+2.9148;+42.9943
392,392,music,3.477536916732788,3,0,0.0999755859375,1.0,0.0200042724609375,1.0,67.25893118017345,0.00047199998516589403,-59.5499;-36.0154;-6.0827,+6.0004;+35.6256;+58.2758
227,227,music,-0.7353577017784119,3,0,0.0999755859375,1.0,0.0200042724609375,1.0,66.06651217996131,0.0004724160535261035,-29.8556;-24.7665;-13.7932,+13.4981;+27.1946;+78.4827
314,314,music,15.307049751281738,3,0,0.0999755859375,1.0,0.0200042724609375,1.0,27.39111309026537,0.00046741694677621126,-34.5370;-13.7656;+6.8763,-6.7446;+13.5130;+33.9739
416,416,music,-3.337440252304077,3,0,0.0999755859375,1.0,0.0200042724609375,1.0,48.54380742242754,0.0004693330265581608,-28.6873;+52.2139;+58.6171,-54.4303;-21.9860;+28.5975
636,636,music,-6.562191486358643,3,0,0.0999755859375,1.0,0.0200042724609375,1.0,42.68363900107853,0.00046975002624094486,+4.8871;+46.5783;+57.8754,-47.6509;-4.1652;+46.4503
870,870,music,3.2515649795532227,3,0,0.0999755859375,1.0,0.0200042724609375,1.0,32.39328096533492,0.0004668750334531069,-39.2197;-23.8860;+17.9509,-17.9528;+23.5866;+38.9758
479,479,music,1.3867236375808716,3,0,0.0999755859375,1.0,0.0200042724609375,1.0,40.822407012687485,0.0004698339616879821,-56.8467;+33.9016;+43.1689,-43.0066;-34.0875;+56.7828
856,856,music,12.243175506591797,3,0,0.0999755859375,1.0,0.0200042724609375,1.0,30.87317335609894,0.00046829204075038433,-22.5355;+20.7223;+46.3788,-46.5367;-20.7539;+22.6486
63,63,music,0.3894250690937042,3,0,0.0999755859375,1.0,0.0200042724609375,1.0,8.68119325185844,0.0004717500414699316,-41.1405;+0.4327;+51.8581,-51.5216;-0.2566;+41.0023
943,943,music,16.273963928222656,3,0,0.0999755859375,1.0,0.0200042724609375,1.0,27.667407399434857,0.00046745792496949434,-23.2605;+20.7884;+40.4029,-40.2368;-20.6059;+23.2341
501,501,music,19.8006649017334,3,0,0.0999755859375,1.0,0.0200042724609375,1.0,16.914589419218657,0.00046570796985179186,-36.0838;+1.8700;+56.5516,-56.6825;-1.9039;+36.0636
591,591,music,12.979214668273926,3,0,0.0999755859375,1.0,0.0200042724609375,1.0,63.64637213287011,0.00046691601164638996,+15.8893;+38.0486;+41.9391,-41.4248;-36.3762;-15.7551
898,898,music,-0.17480485141277313,3,0,0.0999755859375,1.0,0.0200042724609375,1.0,60.52090920727762,0.0004677500110119581,-49.5396;-41.7950;-27.9487,-13.5767;+28.5000;+40.9979
411,411,music,0.4478927254676819,3,0,0.0999755859375,1.0,0.0200042724609375,1.0,15.24918937336793,0.0004692920483648777,-33.0716;+12.7592;+27.8723,-27.6754;-12.5650;+33.0860
523,523,music,1.8438013792037964,3,0,0.0999755859375,1.0,0.0200042724609375,1.0,46.1021150283139,0.00047041603829711676,-32.9055;-26.7818;-10.5430,+10.2661;+25.4338;+31.7176
995,995,music,-4.391878128051758,3,0,0.0999755859375,1.0,0.0200042724609375,1.0,46.334408765112656,0.0004689999623224139,-45.0444;-21.6074;-2.4599,+2.4733;+21.7191;+45.5559
980,980,music,-1.8796405792236328,3,0,0.0999755859375,1.0,0.0200042724609375,1.0,12.64471633209761,0.00046558293979614973,-35.3484;+39.3256;+43.4758,-42.1887;+35.0052;+63.8280
910,910,music,-4.432567119598389,3,0,0.0999755859375,1.0,0.0200042724609375,1.0,38.80924714673873,0.0004695829702541232,-7.7244;+11.2401;+52.8288,-52.5208;-11.2252;+8.0285
2,2,music,-7.930710792541504,3,0,0.0999755859375,1.0,0.0200042724609375,1.0,31.024011449172914,0.00046962499618530273,-44.6551;-35.7295;+0.0798,-37.8048;+0.0716;+39.5617
372,372,music,13.459556579589844,3,0,0.0999755859375,1.0,0.0200042724609375,1.0,10.656309639247512,0.000470208004117012,-45.5329;+5.0273;+56.0557,-57.0976;-5.1651;+45.9045
597,597,music,3.9614269733428955,3,0,0.0999755859375,1.0,0.0200042724609375,1.0,59.359949983005855,0.0004693330265581608,+29.2437;+32.9744;+42.2320,-40.9113;-30.4816;+1.9529
703,703,music,13.30625057220459,3,0,0.0999755859375,1.0,0.0200042724609375,1.0,70.22487823409371,0.0004703750601038337,+30.0460;+38.0599;+51.7484,-51.7620;-34.1134;-2.0386
403,403,music,-8.3298978805542,3,0,0.0999755859375,1.0,0.0200042724609375,1.0,53.908031811181445,0.0004683330189436674,-55.2447;-18.8801;-6.0104,+5.9392;+18.7129;+53.6680
71,71,music,19.57215690612793,3,0,0.0999755859375,1.0,0.0200042724609375,1.0,49.12268766947518,0.0004692081129178405,-40.4650;-17.6587;-14.3694,+14.3717;+17.4433;+40.4019
719,719,music,15.68574047088623,3,0,0.0999755859375,1.0,0.0200042724609375,1.0,75.83539311589053,0.00046850007493048906,-47.1534;-39.8806;-27.0508,+26.6159;+39.9309;+46.7138
270,270,music,10.296781539916992,3,0,0.0999755859375,1.0,0.0200042724609375,1.0,15.536715213122772,0.0004718339769169688,-22.9604;+4.2900;+41.0977,-40.5984;-4.2390;+22.6497
216,216,music,-0.6603320240974426,3,0,0.0999755859375,1.0,0.0200042724609375,1.0,7.850643072131565,0.0004689159104600549,-23.5526;-3.0634;+15.1574,-14.9992;+3.1886;+23.6809
383,383,music,14.702503204345703,3,0,0.0999755859375,1.0,0.0200042724609375,1.0,13.836900255244656,0.0004693749360740185,+1.3271;+7.8027;+12.1145,-12.3357;-7.1330;-0.7165
514,514,music,15.05291748046875,3,0,0.0999755859375,1.0,0.0200042724609375,1.0,84.66692875158053,0.0004675410455092788,+29.6483;+43.1042;+54.6599,-54.8893;-41.5997;-30.0993
577,577,music,14.940329551696777,3,0,0.0999755859375,1.0,0.0200042724609375,1.0,32.24759649376598,0.00046904198825359344,-39.1771;-23.5779;+17.9936,-17.9645;+23.5272;+39.2272
839,839,music,8.759566307067871,3,0,0.0999755859375,1.0,0.0200042724609375,1.0,34.31028623696044,0.0004687909968197346,-15.4634;+10.9689;+54.4000,-54.2924;-11.2075;+15.2580
905,905,music,-1.4856107234954834,3,0,0.0999755859375,1.0,0.0200042724609375,1.0,51.34422143380895,0.0004710420034825802,-2.3236;+18.1757;+59.4788,-59.8224;-18.2792;+2.2633
885,885,music,11.711248397827148,3,0,0.0999755859375,1.0,0.0200042724609375,1.0,80.42835147466114,0.0004707910120487213,-59.8959;-39.0217;-21.8188,+21.7201;+39.0269;+59.7496
203,203,music,-3.2154996395111084,3,0,0.0999755859375,1.0,0.0200042724609375,1.0,35.285456308899306,0.0004701249999925494,-15.3522;-8.3732;+56.5286,-56.8562;+8.1724;+14.8290
218,218,music,-7.812604904174805,3,0,0.0999755859375,1.0,0.0200042724609375,1.0,40.191713601954724,0.0004744590260088444,-28.5496;+44.3044;+55.7787,-46.7760;-17.2785;+28.9186
931,931,music,-4.886223793029785,3,0,0.0999755859375,1.0,0.0200042724609375,1.0,29.553678612893663,0.00047308299690485,-42.4562;-24.9527;+51.5915,-50.9845;+24.7426;+42.7649
325,325,music,3.1085591316223145,3,0,0.0999755859375,1.0,0.0200042724609375,1.0,31.025850860791305,0.000469416962005198,-38.0849;-22.9924;+57.7052,-57.6853;+23.0377;+38.0873
656,656,music,14.47951889038086,3,0,0.0999755859375,1.0,0.0200042724609375,1.0,18.57613400208767,0.0004678330151364207,-42.1388;-12.6430;+55.8462,-56.7243;+12.7419;+42.5013
818,818,music,1.3085472583770752,3,0,0.0999755859375,1.0,0.0200042724609375,1.0,15.13121029845903,0.00046829204075038433,-37.4042;+3.3936;+55.4331,-54.9089;-3.2059;+37.0785
909,909,music,-9.353653907775879,3,0,0.0999755859375,1.0,0.0200042724609375,1.0,36.46782109864369,0.0004678749246522784,-57.0359;-20.0985;+21.9915,-22.4206;+19.5118;+56.9559
802,802,music,7.512275218963623,3,0,0.0999755859375,1.0,0.0200042724609375,1.0,8.133786730036865,0.00046562496572732925,-24.7018;+5.9075;+30.2768,-30.0104;-5.8022;+24.5169
681,681,music,13.334842681884766,3,0,0.0999755859375,1.0,0.0200042724609375,1.0,25.4401263012065,0.00046966702211648226,-35.4130;-21.6830;+31.2880,-31.8468;+21.9627;+36.1806
741,741,music,3.287435531616211,3,0,0.0999755859375,1.0,0.0200042724609375,1.0,62.29563192427011,0.00047279195860028267,-52.4365;-29.5054;-11.8297,+11.7502;+29.3420;+51.8829
284,284,music,-6.889547348022461,3,0,0.0999755859375,1.0,0.0200042724609375,1.0,11.809525221199436,0.0004666249733418226,-36.9429;-32.2625;+34.3600,-34.5687;-11.9519;+33.8737
300,300,music,2.361135482788086,3,0,0.0999755859375,1.0,0.0200042724609375,1.0,53.117962153029445,0.00046845804899930954,-19.8729;+38.1245;+55.6121,-56.1937;-38.4250;+19.7579
4,4,music,-1.9663500785827637,3,0,0.0999755859375,1.0,0.0200042724609375,1.0,51.145945584834244,0.00046941707842051983,-57.2986;-49.5855;+16.4990,-16.6107;+18.7712;+55.4808
949,949,music,11.19666862487793,3,0,0.0999755859375,1.0,0.0200042724609375,1.0,29.82259816890771,0.0004677089164033532,-31.8786;-13.7303;+0.7844,-0.7608;+13.5659;+31.6836
900,900,music,-2.5452046394348145,3,0,0.0999755859375,1.0,0.0200042724609375,1.0,20.63567516384959,0.0004692919319495559,-34.3873;+16.8741;+26.4217,-26.3174;-16.9712;+34.5991
952,952,music,4.160910606384277,3,0,0.0999755859375,1.0,0.0200042724609375,1.0,46.59682500668623,0.0004694160306826234,-56.3069;-32.3180;+22.7583,-22.8032;+32.5366;+57.1847
934,934,music,0.4221264123916626,3,0,0.0999755859375,1.0,0.0200042724609375,1.0,33.09636892464233,0.00046845804899930954,-33.8210;-27.5613;+46.6384,-46.0460;+26.8876;+33.5241
728,728,music,7.9681878089904785,3,0,0.0999755859375,1.0,0.0200042724609375,1.0,10.976632509194758,0.00046862498857080936,-33.3832;+5.7663;+22.6968,-22.8158;-5.7184;+33.5546
749,749,music,13.01108169555664,3,0,0.0999755859375,1.0,0.0200042724609375,1.0,71.80970708142887,0.00046833406668156385,-54.3914;-41.9309;-10.5175,+10.4787;+42.5080;+53.7620
247,247,music,15.08165168762207,3,0,0.0999755859375,1.0,0.0200042724609375,1.0,12.796393084224112,0.0004666249733418226,-23.8384;+8.8477;+14.0488,-14.2267;-8.6231;+23.7250
366,366,music,11.290481567382812,3,0,0.0999755859375,1.0,0.0200042724609375,1.0,11.85782798661521,0.00048462499398738146,-40.6631;+3.7368;+27.1209,-26.7917;-3.6945;+40.3188
794,794,music,11.341054916381836,3,0,0.0999755859375,1.0,0.0200042724609375,1.0,51.02873244544408,0.0004932909505441785,+4.3987;+22.3668;+49.3361,-49.4991;-22.4600;-4.4912
516,516,music,-9.962897300720215,3,0,0.0999755859375,1.0,0.0200042724609375,1.0,45.32740706864198,0.00047075003385543823,-57.9900;-32.1643;+26.4246,-27.2374;+33.2681;+57.0286
53,53,music,1.9040213823318481,3,0,0.0999755859375,1.0,0.0200042724609375,1.0,29.681290845858822,0.00046620797365903854,-28.7346;+21.6541;+48.0403,-48.2035;-21.7429;+28.5312
75,75,music,2.8911616802215576,3,0,0.0999755859375,1.0,0.0200042724609375,1.0,52.948760486402044,0.000478208065032959,-15.1155;+33.7723;+59.4287,-58.8534;-33.4853;+14.9976
858,858,music,-3.105830430984497,3,0,0.0999755859375,1.0,0.0200042724609375,1.0,32.2270238967727,0.00046987493988126516,-59.4203;+52.9971;+57.5186,-55.6714;-2.5970;+60.8328
457,457,music,-6.5805253982543945,3,0,0.0999755859375,1.0,0.0200042724609375,1.0,62.53969877752993,0.00046737503726035357,-54.8624;-32.2407;-7.6789,+7.6195;+31.3064;+53.8956
14,14,music,15.746957778930664,3,0,0.0999755859375,1.0,0.0200042724609375,1.0,28.232669898234178,0.00046983303036540747,-40.3057;-21.8733;+24.7208,-24.7706;+21.8470;+40.1624
116,116,music,-7.875835418701172,3,0,0.0999755859375,1.0,0.0200042724609375,1.0,33.02974759473199,0.0004703750601038337,-56.7910;+28.6903;+52.5568,-51.0691;-28.1699;+55.2160
658,658,music,13.08852481842041,3,0,0.0999755859375,1.0,0.0200042724609375,1.0,20.318805688615377,0.00046979100443422794,-30.7357;+13.6857;+46.3491,-46.3545;-13.6257;+30.5787
511,511,music,7.618252754211426,3,0,0.0999755859375,1.0,0.0200042724609375,1.0,16.944528305490607,0.0004728749627247453,-27.0836;-14.5806;+26.6806,-26.4938;+14.7544;+27.3572
820,820,music,18.5789852142334,3,0,0.0999755859375,1.0,0.0200042724609375,1.0,26.949695514323526,0.0004728749627247453,-30.4007;-22.3844;+20.9085,-20.9692;+22.3199;+30.4702
211,211,music,-0.8675438165664673,3,0,0.0999755859375,1.0,0.0200042724609375,1.0,81.6531253562298,0.0004699580604210496,-58.1931;-41.1828;-22.8702,+23.0630;+41.7885;+57.8448
676,676,music,7.918525695800781,3,0,0.0999755859375,1.0,0.0200042724609375,1.0,44.39126807567162,0.00047041696961969137,-17.8230;+34.9264;+40.8059,-40.3894;-34.9047;+17.8685
467,467,music,5.758861064910889,3,0,0.0999755859375,1.0,0.0200042724609375,1.0,56.75527909330157,0.0004700829740613699,-38.9860;-29.7049;-17.4216,+17.2022;+27.6347;+39.3105
441,441,music,18.615253448486328,3,0,0.0999755859375,1.0,0.0200042724609375,1.0,49.71830967810881,0.0004679170669987798,-53.4737;-42.8264;+46.4896,-46.8805;+42.7233;+53.8053
881,881,music,-1.514397382736206,3,0,0.0999755859375,1.0,0.0200042724609375,1.0,77.55484970021804,0.0004701249999925494,-57.9911;-36.9433;-20.8161,+20.8200;+37.0770;+58.8962
607,607,music,-0.23162971436977386,3,0,0.0999755859375,1.0,0.0200042724609375,1.0,77.0773514397001,0.0004695410607382655,+19.3010;+37.2015;+59.4192,-59.2012;-36.9306;-19.0957
692,692,music,17.067543029785156,3,0,0.0999755859375,1.0,0.0200042724609375,1.0,25.145104210959502,0.00046920799650251865,-49.0095;-19.7457;+36.0973,-36.0465;+19.7546;+49.0784
816,816,music,11.669906616210938,3,0,0.0999755859375,1.0,0.0200042724609375,1.0,30.288769754439368,0.0004705419996753335,-58.3483;-19.4686;+33.2386,-33.0425;+19.2753;+57.9519
251,251,music,14.121336936950684,3,0,0.0999755859375,1.0,0.0200042724609375,1.0,10.32589507709057,0.00046920799650251865,-55.0610;+8.3191;+59.7973,-59.8252;-8.2563;+55.0612
723,723,music,-7.052370071411133,3,0,0.0999755859375,1.0,0.0200042724609375,1.0,10.438306740594246,0.00046995794400572777,-2.9707;+6.1014;+14.9349,-12.2225;+1.1961;+29.6732
628,628,music,-5.3482279777526855,3,0,0.0999755859375,1.0,0.0200042724609375,1.0,70.86706881041003,0.0004669580375775695,-55.1575;-48.8848;-30.1828,-9.7914;+30.2251;+51.9754
141,141,music,-0.09313180297613144,3,0,0.0999755859375,1.0,0.0200042724609375,1.0,47.506205117485955,0.00048358296044170856,-24.9543;-11.2034;-7.6816,+9.7117;+25.1262;+57.5023
357,357,music,10.718844413757324,3,0,0.0999755859375,1.0,0.0200042724609375,1.0,21.054271179332616,0.00046791601926088333,-48.2680;+17.9767;+53.6894,-52.9410;-17.7264;+47.9195
903,903,music,5.604438304901123,3,0,0.0999755859375,1.0,0.0200042724609375,1.0,35.085836425106905,0.0004728749627247453,-11.1647;-5.1963;+53.9631,-53.0467;+5.2774;+11.1935
779,779,music,4.398705959320068,3,0,0.0999755859375,1.0,0.0200042724609375,1.0,48.30032543034282,0.0004677500110119581,-32.9260;-24.6658;-15.1290,+15.1635;+23.4274;+33.5866
704,704,music,4.3419060707092285,3,0,0.0999755859375,1.0,0.0200042724609375,1.0,13.022888250627894,0.0004704580642282963,-25.5906;-1.6149;+9.8349,-9.7156;+1.6562;+25.5216
975,975,music,-9.936850547790527,3,0,0.0999755859375,1.0,0.0200042724609375,1.0,19.089287010653063,0.0004738329444080591,-39.8799;+35.2141;+41.6213,-40.0909;+2.2892;+38.6029
785,785,music,-3.1365206241607666,3,0,0.0999755859375,1.0,0.0200042724609375,1.0,16.96973271512209,0.00047037494368851185,-55.7558;-4.9715;+36.2949,-36.3152;+4.7817;+56.0650
333,333,music,-6.742922782897949,3,0,0.0999755859375,1.0,0.0200042724609375,1.0,11.484207595877196,0.0004688749322667718,-23.4518;-3.2419;+10.2177,-9.9956;+3.1047;+23.4204
522,522,music,5.659712314605713,3,0,0.0999755859375,1.0,0.0200042724609375,1.0,31.6365491965198,0.00047016702592372894,-5.3064;+19.5680;+32.5648,-32.2115;-19.5315;+5.1793
444,444,music,-1.8457200527191162,3,0,0.0999755859375,1.0,0.0200042724609375,1.0,21.25340666314413,0.00046662508975714445,-26.4210;-18.4223;+21.9529,-21.8152;+17.8667;+26.0777
458,458,music,17.564062118530273,3,0,0.0999755859375,1.0,0.0200042724609375,1.0,52.11255461696821,0.00046633300371468067,-57.3232;-43.9885;+39.1244,-38.0823;+43.0752;+53.1552
714,714,music,13.128750801086426,3,0,0.0999755859375,1.0,0.0200042724609375,1.0,36.854517312984385,0.0004683330189436674,-33.6855;-22.5338;+1.5482,-1.5296;+22.4201;+33.4843
904,904,music,-5.684854030609131,3,0,0.0999755859375,1.0,0.0200042724609375,1.0,6.387151262798012,0.0004681670106947422,-20.6894;-5.2702;+22.8588,-22.7972;+5.3074;+20.3975
930,930,music,18.251625061035156,3,0,0.0999755859375,1.0,0.0200042724609375,1.0,33.289276283573564,0.00048325001262128353,-5.3429;+21.6113;+32.7685,-32.4431;-21.3372;+5.4642
146,146,music,10.919323921203613,3,0,0.0999755859375,1.0,0.0200042724609375,1.0,37.17313986632082,0.00047054095193743706,-50.9242;+31.8925;+41.5264,-41.1363;-31.2068;+49.7851
67,67,music,2.6831228733062744,3,0,0.0999755859375,1.0,0.0200042724609375,1.0,55.33212360948928,0.0004671249771490693,-52.2757;-28.7817;-24.6184,-55.5725;+28.4575;+52.1783
339,339,music,3.242947578430176,3,0,0.0999755859375,1.0,0.0200042724609375,1.0,34.48574813550692,0.0004695409443229437,-29.1232;-19.0717;-3.4184,+3.4646;+19.1652;+28.8891
355,355,music,8.98538589477539,3,0,0.0999755859375,1.0,0.0200042724609375,1.0,58.14550287874541,0.0004653339274227619,+12.6587;+32.6701;+41.5568,-41.5732;-32.5153;-12.7796
729,729,music,-2.2012128829956055,3,0,0.0999755859375,1.0,0.0200042724609375,1.0,76.10938522054003,0.00046758295502513647,+6.7183;+47.7537;+57.1095,-57.4849;-48.2204;-6.4896
968,968,music,16.347951889038086,3,0,0.0999755859375,1.0,0.0200042724609375,1.0,32.24127944117576,0.0004663750296458602,-12.3284;+12.1364;+47.7718,-47.8705;-12.2190;+12.2462
670,670,music,14.969233512878418,3,0,0.0999755859375,1.0,0.0200042724609375,1.0,11.396436067781547,0.000469875056296587,-37.7665;-9.2644;+42.6385,-42.5151;+9.2525;+37.7180
474,474,music,4.148244857788086,3,0,0.0999755859375,1.0,0.0200042724609375,1.0,41.35168817092624,0.000470832921564579,-52.9857;-16.5996;+8.5291,-8.7473;+16.7545;+53.9202
45,45,music,4.37467622756958,3,0,0.0999755859375,1.0,0.0200042724609375,1.0,66.08019600825087,0.0004767079371958971,-51.9415;-38.4078;-34.4551,-48.5422;+36.2505;+52.2304
626,626,music,-7.33290958404541,3,0,0.0999755859375,1.0,0.0200042724609375,1.0,14.101490408787566,0.0004653750220313668,-38.9618;+12.1968;+38.0153,-38.8082;-12.1989;+39.1909
452,452,music,12.112217903137207,3,0,0.0999755859375,1.0,0.0200042724609375,1.0,19.301849949743453,0.0004672079812735319,-21.7657;-16.5370;+17.6909,-17.5172;+16.3810;+21.6957
688,688,music,16.28870391845703,3,0,0.0999755859375,1.0,0.0200042724609375,1.0,44.1257775279427,0.0004677909892052412,-2.6956;+27.7052;+39.8603,-40.1950;-27.5703;+2.7166
716,716,music,19.505685806274414,3,0,0.0999755859375,1.0,0.0200042724609375,1.0,50.35555804620317,0.0004687500186264515,-49.5175;-34.7816;+11.9441,-11.9040;+34.5407;+49.1824
405,405,music,7.779823303222656,3,0,0.0999755859375,1.0,0.0200042724609375,1.0,33.885624952009984,0.0004736249102279544,-28.4667;-23.0719;+54.7599,-54.0263;+22.6363;+28.2613
81,81,music,-1.445763349533081,3,0,0.0999755859375,1.0,0.0200042724609375,1.0,42.463090928628816,0.00046966702211648226,+6.3468;+25.4409;+31.6988,-31.5318;-24.5983;-6.6501
342,342,music,17.056554794311523,3,0,0.0999755859375,1.0,0.0200042724609375,1.0,55.12935423019586,0.0004697090480476618,-5.8585;+37.6171;+49.2271,-47.5420;-36.4989;+5.7869
971,971,music,2.689777135848999,3,0,0.0999755859375,1.0,0.0200042724609375,1.0,35.507873351552675,0.00046745792496949434,-59.6061;-4.3574;+16.5389,-16.4940;+4.2535;+59.5462
526,526,music,12.645087242126465,3,0,0.0999755859375,1.0,0.0200042724609375,1.0,43.070401003931345,0.00046862498857080936,-52.5991;-21.3568;+9.0818,-8.9887;+21.2009;+52.1184
7,7,music,12.101691246032715,3,0,0.0999755859375,1.0,0.0200042724609375,1.0,16.681062021337734,0.00046862498857080936,-1.9132;+6.0963;+20.5177,-20.6300;-5.7889;+1.9921
951,951,music,7.05667781829834,3,0,0.0999755859375,1.0,0.0200042724609375,1.0,20.358151375314623,0.00047595903743058443,-32.4505;-17.0711;+25.9076,-25.9504;+16.9973;+32.2682
950,950,music,-1.9045294523239136,3,0,0.0999755859375,1.0,0.0200042724609375,1.0,32.57322519366666,0.00047016702592372894,-33.7933;-26.4876;+20.7348,-20.4791;+26.7127;+33.9825
447,447,music,3.1432371139526367,3,0,0.0999755859375,1.0,0.0200042724609375,1.0,52.94247719616891,0.00046850007493048906,-53.9907;-18.5066;-5.3768,+5.2852;+18.4248;+54.0468
708,708,music,-3.1641013622283936,3,0,0.0999755859375,1.0,0.0200042724609375,1.0,30.986492567316716,0.0004689579363912344,-22.4842;-9.2179;+57.6904,-58.1931;+9.2665;+22.1421
277,277,music,8.36885929107666,3,0,0.0999755859375,1.0,0.0200042724609375,1.0,43.27977531806359,0.0004677500110119581,-4.2886;+0.1725;+57.2284,-57.3400;-0.3232;+4.2687
595,595,music,-7.653040885925293,3,0,0.0999755859375,1.0,0.0200042724609375,1.0,6.877312368367041,0.00047379208263009787,-55.1129;-5.4270;+52.3568,-51.9462;+5.5421;+55.7543
410,410,music,-6.250168800354004,3,0,0.0999755859375,1.0,0.0200042724609375,1.0,55.412410382327984,0.0004674589727073908,-34.5903;-29.5420;+9.4201,-9.2852;+31.7216;+78.8322
851,851,music,1.2441574335098267,3,0,0.0999755859375,1.0,0.0200042724609375,1.0,38.663422206704674,0.00046658399514853954,+0.2406;+14.3793;+42.6081,-42.4160;-14.5034;-0.1795
84,84,music,7.035104751586914,3,0,0.0999755859375,1.0,0.0200042724609375,1.0,26.47909936686196,0.00047270802315324545,-56.4398;-10.1272;+27.5184,-27.4407;+10.1257;+56.7126
963,963,music,-9.237277030944824,3,0,0.0999755859375,1.0,0.0200042724609375,1.0,16.902253508359188,0.00046737503726035357,-55.3187;-7.8438;+38.3421,-38.2015;+8.0586;+55.9823
33,33,music,-0.65463787317276,3,0,0.0999755859375,1.0,0.0200042724609375,1.0,14.769841369950544,0.0004714159294962883,-22.6128;-1.6547;+4.9129,-4.7077;+1.6633;+22.8807
348,348,music,6.392550945281982,3,0,0.0999755859375,1.0,0.0200042724609375,1.0,50.94066176971115,0.0004711250076070428,-16.3226;+34.2439;+56.3708,-55.3114;-33.8497;+16.0224
305,305,music,1.0434808731079102,3,0,0.0999755859375,1.0,0.0200042724609375,1.0,16.257913446238522,0.0004680840065702796,-25.7551;-2.6222;+6.0626,-6.2811;+2.6054;+25.7195
74,74,music,12.836767196655273,3,0,0.0999755859375,1.0,0.0200042724609375,1.0,11.83085420255303,0.0004675420932471752,-24.4098;-5.4204;+11.9826,-11.9926;+5.3064;+24.2568
830,830,music,13.75110912322998,3,0,0.0999755859375,1.0,0.0200042724609375,1.0,79.5440182946459,0.0004675419768318534,-54.9641;-40.8093;-26.0556,+25.9577;+36.1470;+54.6360
185,185,music,5.594683647155762,3,0,0.0999755859375,1.0,0.0200042724609375,1.0,75.49486360302618,0.0004688750486820936,+29.7928;+52.5068;+59.3603,-49.2673;-29.1956;-5.2356
13,13,music,13.644891738891602,3,0,0.0999755859375,1.0,0.0200042724609375,1.0,63.306061747228085,0.00046733394265174866,+12.9293;+33.3691;+48.1968,-48.4693;-33.7751;-12.9984
538,538,music,-9.10428237915039,3,0,0.0999755859375,1.0,0.0200042724609375,1.0,41.35694029453421,0.0004704580642282963,-57.6250;-35.4658;+52.0751,-52.1251;+35.6609;+58.5500
972,972,music,10.068283081054688,3,0,0.0999755859375,1.0,0.0200042724609375,1.0,58.906416837898476,0.0004689579363912344,+18.8181;+23.2176;+27.4430,-71.6732;-21.2750;+11.8982
147,147,music,17.517017364501953,3,0,0.0999755859375,1.0,0.0200042724609375,1.0,45.88206000187481,0.0004677909892052412,-42.6317;-23.1030;-3.6523,+3.5978;+22.7725;+41.8863
224,224,music,10.426427841186523,3,0,0.0999755859375,1.0,0.0200042724609375,1.0,29.22835279811251,0.00046912499237805605,-27.9756;+21.5577;+46.8136,-46.7166;-21.4963;+27.8922
183,183,music,12.44894027709961,3,0,0.0999755859375,1.0,0.0200042724609375,1.0,11.800630106722004,0.0004677079850807786,-22.4019;+7.6861;+12.6700,-12.8473;-7.4846;+22.4844
709,709,music,-1.6193486452102661,3,0,0.0999755859375,1.0,0.0200042724609375,1.0,39.43392019525804,0.00047095795162022114,-30.8317;-24.2196;-3.6604,+3.9795;+24.3344;+29.4423
504,504,music,0.8878299593925476,3,0,0.0999755859375,1.0,0.0200042724609375,1.0,58.64660739454927,0.0004682079888880253,+31.9109;+36.7190;+42.9176,-40.1803;-33.3507;+57.4563
650,650,music,14.116240501403809,3,0,0.0999755859375,1.0,0.0200042724609375,1.0,24.236256992472555,0.0004704589955508709,-21.7200;+20.3775;+29.3284,-28.9454;-20.2686;+21.7205
117,117,music,11.262825012207031,3,0,0.0999755859375,1.0,0.0200042724609375,1.0,32.758275729822095,0.0004689580528065562,-33.1294;-28.2224;+38.1818,-38.2032;+28.0632;+33.1315
129,129,music,-6.061011791229248,3,0,0.0999755859375,1.0,0.0200042724609375,1.0,36.25339371295011,0.00047099997755140066,-16.3010;+16.7548;+53.8295,-53.9651;-16.2385;+15.9377
27,27,music,16.677709579467773,3,0,0.0999755859375,1.0,0.0200042724609375,1.0,29.470188439962616,0.0004677909892052412,-21.7515;+3.3615;+57.2521,-58.0354;-3.2893;+21.9716
956,956,music,3.347540855407715,3,0,0.0999755859375,1.0,0.0200042724609375,1.0,51.911758601813226,0.00046920799650251865,-2.8491;+35.7313;+41.4301,-41.7748;-35.5239;+2.8039
901,901,music,11.805641174316406,3,0,0.0999755859375,1.0,0.0200042724609375,1.0,81.2120432859689,0.0004682079888880253,+27.5582;+39.5174;+56.1275,-54.9798;-38.0280;-27.3014
822,822,music,-8.341195106506348,3,0,0.0999755859375,1.0,0.0200042724609375,1.0,37.50422626293059,0.00046795897651463747,-59.9384;+8.5836;+15.6683,-11.7932;+15.1658;+58.7776
757,757,music,15.665715217590332,3,0,0.0999755859375,1.0,0.0200042724609375,1.0,48.19191310129356,0.00046616699546575546,-54.5971;-25.9527;+8.3567,-8.3222;+25.9158;+54.5701
558,558,music,11.645391464233398,3,0,0.0999755859375,1.0,0.0200042724609375,1.0,86.75562570889193,0.0004670419730246067,-56.3769;-49.9701;-24.3795,+24.0877;+48.9041;+55.1751
567,567,music,13.551056861877441,3,0,0.0999755859375,1.0,0.0200042724609375,1.0,68.34858383338988,0.00046758295502513647,-53.6464;-36.7344;-12.1532,+12.0058;+36.5930;+53.6303
