scenario,bw_frac,Root-MUSIC,ReconUNet-C,ReconUNet-CB
moderate,0.01,6.008432160626199,1.7655180542664857,0.9522210269483208
moderate,0.02,6.008613275236475,0.8132774533477956,0.8108406962103702
moderate,0.05,6.001032404329527,0.5951009289243304,0.802345425909562
moderate,0.1,5.88808245164476,1.6472387138199982,0.5468924958960893
moderate,0.2,5.902011492631259,22.59183650714657,0.5183508929655051
moderate,0.4,5.622596251356551,25.97606429716872,0.518363225660342
moderate,white,5.279139545246395,30.355339136507723,0.537356174523844
crowded,0.01,9.054276382591922,5.97341140968522,5.541581126297215
crowded,0.02,8.993162141643213,3.3685085492774878,3.510787192076442
crowded,0.05,8.814214526395055,2.676656254635271,2.5708347692670697
crowded,0.1,8.846318610641397,3.122989021242705,2.235514563781108
crowded,0.2,8.643562985347819,16.84576402160868,1.7419313916956587
crowded,0.4,8.286275919581122,19.927998144162927,2.3058725023359865
crowded,white,7.527159231731137,20.68894230194692,2.5394613495092027
moderate3,0.01,4.189446498371682,3.397404896096467,3.362685327727888
moderate3,0.02,4.190825930061498,1.304333464016938,1.9638487976808503
moderate3,0.05,4.530717200915949,0.6439244985126519,0.806053996968711
moderate3,0.1,4.343683177467821,1.6104077132328172,0.6687375736492567
moderate3,0.2,3.69597276210328,19.122457523126084,0.6272885673570535
moderate3,0.4,3.864712839098304,21.68115206065841,0.5555601407095672
moderate3,white,3.864412607482086,24.119827532829515,0.5936329899780171
