scenario,bw_frac,Root-MUSIC,ReconUNet,ReconUNet-C,ReconUNet-CB,SubspaceNet,DA-MUSIC,SubViT
moderate,0.01,5.639696887623535,2.425685608520118,1.2244869504090472,0.9328055661883576,5.848036289628416,6.478225266502856,10.147460443544338
moderate,0.02,6.908983481764444,2.11890974395368,2.0941397409053613,0.7783197221199959,4.130788390085466,4.807964254555865,7.92917376688229
moderate,0.05,5.914805522475996,1.7902799039873916,0.6075307592673698,0.7798186115979783,2.9176087179155865,3.60029894749475,8.723998127411985
moderate,0.1,5.804466737143089,1.3372127018447828,0.8959768519929663,0.7044746265202996,3.576966225843563,3.020084016178057,8.471007485459259
moderate,0.2,7.292153728460211,13.758556347333938,24.95045121170886,0.905071914900547,7.195944584705476,3.179668815609427,8.21657343351015
moderate,0.4,6.814556457043206,25.60984131755704,25.33914064706065,1.348425334389321,8.607722922385104,3.040083139212752,7.909578038260252
moderate,white,5.273046679578027,32.71217760367551,30.87919863782304,0.5303300688674063,11.64049216693373,2.8377905027199097,6.90864915959223
crowded,0.01,10.250311353907874,9.011739379605654,6.407261724851917,5.504278399498437,11.446359348251892,8.237338420214947,19.70944805937889
crowded,0.02,9.432472470960992,5.792883449769764,3.103309932196708,3.4940341252170146,9.1365212016196,7.091369815551299,17.084277689476256
crowded,0.05,8.870641415987492,4.803749638733227,2.4457521310484664,2.574914181538012,7.912275017016936,6.65174722652757,16.32080423641161
crowded,0.1,8.766066386983297,5.4500000000788615,3.0942924582292166,2.957286924942776,7.990166531196391,5.986727987763337,16.31173795476161
crowded,0.2,9.995672539005769,14.194524801511616,17.605978949849487,2.7707150886944745,11.200446905194047,6.37077346081112,16.493412762503034
crowded,0.4,9.895285468269762,22.433429373610824,19.681092204323203,3.31274837928075,11.6828175037171,6.532355537938763,16.680000731551367
crowded,white,7.564984269153513,22.281291696443954,20.520052526620876,2.813047192954774,17.557352909358517,5.552117821752162,14.257114793557404
moderate3,0.01,5.281285535913182,5.882991261027328,3.9101734402794937,2.4485553670227107,7.71883463939562,6.618219461567898,14.85840038333416
moderate3,0.02,4.505535777609877,2.9177859251747784,1.6564729927644737,1.2018804734999635,5.292126977833678,4.547629712275951,10.92701067800654
moderate3,0.05,4.641097848061268,2.896863769455441,0.6703751985615717,0.7730998546141322,5.459091264862394,3.7853694351255256,10.961954636709091
moderate3,0.1,4.3424574403204375,3.1320338458155352,1.8727663613489969,0.7026392395350401,5.255726494860783,3.5670308256582426,9.628267830267667
moderate3,0.2,4.854276355536338,12.989033553129286,20.05547608389545,0.6691725150750242,9.327486713291655,3.5423017893890907,9.79107122694494
moderate3,0.4,4.9359946059087605,24.604141836887745,21.86037253788031,0.9814476854458656,9.902616210348848,3.5324370789835102,9.68050563883245
moderate3,white,3.7187163070258498,25.893586703762956,24.56852377733157,0.6002983042137059,14.101809238959396,3.3202298786253848,8.029686920003748
