table,scenario,snr_db,method,n_scenes,rmse_deg,rmse_ci_lo,rmse_ci_hi,median_rmspe_deg,median_ci_lo,median_ci_hi,resamples
scenario_sweep_r2b,basic,-20,Root-MUSIC,1000,40.11866818640014,38.00654862294404,42.204205972725596,10.528064230767669,7.708707659912884,15.865677626956247,1000
scenario_sweep_r2b,basic,-20,SubspaceNet,1000,40.77189094482128,39.2173448117574,42.28533670876629,29.185364468242977,26.14372800388595,33.56818357940496,1000
scenario_sweep_r2b,basic,-20,SubViT,1000,36.115500814740855,34.68509425377931,37.573911286281074,24.925504097572777,22.84477886176753,27.517955701894095,1000
scenario_sweep_r2b,basic,-20,DA-MUSIC,1000,36.593957170129435,35.240998001219545,37.87218756990503,28.33738209940455,26.977138249643026,30.079152535240894,1000
scenario_sweep_r2b,basic,-20,ReconUNet,1000,44.484301433267014,42.49574038806888,46.36844336767537,22.746929525199967,18.79626728260577,26.811798644862495,1000
scenario_sweep_r2b,basic,-20,ReconUNet-C,1000,36.99971505613851,34.87836116394938,39.29362906220769,5.131102089039121,4.523746987199795,5.825512884522449,1000
scenario_sweep_r2b,basic,-20,ReconUNet-CB,1000,42.30923090889204,40.298950378382735,44.383681102945935,20.516299235570784,17.629289629587298,25.008347434223815,1000
scenario_sweep_r2b,basic,-15,Root-MUSIC,1000,4.755208992323575,2.291709174489661,6.907308560670768,0.9772128464177912,0.9162125264797737,1.045891191411684,1000
scenario_sweep_r2b,basic,-15,SubspaceNet,1000,15.102368572071608,13.16450520694032,17.175890877262027,2.658795151716731,2.4168350446075166,2.8850521484545437,1000
scenario_sweep_r2b,basic,-15,SubViT,1000,11.714640765764546,9.441344012947393,13.96548645551639,1.5498585965404117,1.444929824893859,1.6752168675052599,1000
scenario_sweep_r2b,basic,-15,DA-MUSIC,1000,30.119137777361875,28.30694056182779,32.0041552787019,16.48103325943375,14.85010246472699,17.962905766223606,1000
scenario_sweep_r2b,basic,-15,ReconUNet,1000,4.394427157176363,2.6770026204343584,5.871648117205434,1.1461259567247857,1.0680775383973158,1.2215585566544727,1000
scenario_sweep_r2b,basic,-15,ReconUNet-C,1000,5.589629101952235,1.8036051210927802,8.560331717863308,0.9465497371046603,0.8921151914102873,1.0150950763452613,1000
scenario_sweep_r2b,basic,-15,ReconUNet-CB,1000,4.90273114312392,3.154178387225137,6.365722302318876,1.0208809916951407,0.9579408266204531,1.0920394888659593,1000
scenario_sweep_r2b,basic,-10,Root-MUSIC,1000,0.5800394766209572,0.5480311793666709,0.6094841188751097,0.36115349433724153,0.3354937483593085,0.3870010598172482,1000
scenario_sweep_r2b,basic,-10,SubspaceNet,1000,0.9411015667397424,0.8965876032963634,0.9879092931047685,0.5970265887978965,0.5490895232792201,0.6385086783576167,1000
scenario_sweep_r2b,basic,-10,SubViT,1000,0.6664974392056506,0.6334544241945353,0.6994903719589551,0.4297708393593327,0.39398664011887763,0.4686158473492398,1000
scenario_sweep_r2b,basic,-10,DA-MUSIC,1000,8.30891331901491,7.018774549942388,10.222751186500128,3.962393043477431,3.6346217855063143,4.297897110237972,1000
scenario_sweep_r2b,basic,-10,ReconUNet,1000,0.6778038477986256,0.641355894755271,0.7152435239531217,0.4319249066063313,0.3932088418228429,0.46026081587511636,1000
scenario_sweep_r2b,basic,-10,ReconUNet-C,1000,0.6274544206660639,0.5957971562626287,0.6578265078477453,0.3991058621536301,0.3756569588701738,0.4316482491335378,1000
scenario_sweep_r2b,basic,-10,ReconUNet-CB,1000,0.572312974598785,0.5436350607552849,0.6025982801533107,0.3574698901221972,0.330658373397365,0.38905941162547997,1000
scenario_sweep_r2b,basic,-5,Root-MUSIC,1000,0.31723050011543563,0.30208227080411076,0.3325949051553645,0.20641000983247756,0.193598281770364,0.22314567546655595,1000
scenario_sweep_r2b,basic,-5,SubspaceNet,1000,0.5542751351406507,0.5277338048565614,0.5795045229625888,0.3684944520561742,0.34446565460337664,0.39328214639780995,1000
scenario_sweep_r2b,basic,-5,SubViT,1000,0.4390516705013889,0.41961202497673095,0.45873300858363725,0.30330818490701494,0.2858996364892405,0.3229381479788736,1000
scenario_sweep_r2b,basic,-5,DA-MUSIC,1000,2.784125306384886,2.659890663147084,2.9157959644809455,1.803512191029112,1.6977372034464577,1.9532483547648753,1000
scenario_sweep_r2b,basic,-5,ReconUNet,1000,0.44919923387680627,0.42582937337147525,0.4728437175234856,0.2620845896483172,0.246293595812396,0.2826071684036165,1000
scenario_sweep_r2b,basic,-5,ReconUNet-C,1000,0.3721803964183692,0.35396259010205333,0.3918870797915438,0.23316386446830834,0.2201711353308257,0.25084552238373314,1000
scenario_sweep_r2b,basic,-5,ReconUNet-CB,1000,0.3531716396674849,0.33523043441506556,0.3715156874668094,0.22815872514351626,0.21478364589500215,0.24281649897735127,1000
scenario_sweep_r2b,basic,0,Root-MUSIC,1000,0.250929478751482,0.23953542553056204,0.2627178454520851,0.16260203706022114,0.1525259821742468,0.17443531847095262,1000
scenario_sweep_r2b,basic,0,SubspaceNet,1000,0.5397103679863687,0.5088195516793873,0.5668449343468762,0.32330954554473434,0.2893165683250151,0.3447479603017374,1000
scenario_sweep_r2b,basic,0,SubViT,1000,0.3804474266219325,0.365737980274558,0.39531722945387876,0.2699401665637211,0.2565162758069294,0.2898577993308318,1000
scenario_sweep_r2b,basic,0,DA-MUSIC,1000,2.1343301612500447,2.043819025292671,2.22438281378137,1.44001383419489,1.329298152020581,1.5587241517396304,1000
scenario_sweep_r2b,basic,0,ReconUNet,1000,0.3726391291646618,0.35427121763518876,0.39224751586452206,0.2375479962716787,0.22170130951136272,0.2529504407998611,1000
scenario_sweep_r2b,basic,0,ReconUNet-C,1000,0.2879844612813874,0.274247372515808,0.3031270177603797,0.18266144653470984,0.16867406740134575,0.19664198910282568,1000
scenario_sweep_r2b,basic,0,ReconUNet-CB,1000,0.2895386634791542,0.27566839000921317,0.30364240191312886,0.19272659163102385,0.17641694833871605,0.20239498224729963,1000
scenario_sweep_r2b,basic,5,Root-MUSIC,1000,0.23434740511651694,0.22314070599656383,0.24537226182370486,0.15233199080887294,0.14283582775730252,0.16565449299517568,1000
scenario_sweep_r2b,basic,5,SubspaceNet,1000,0.5537200902458445,0.525680565943634,0.5824971040370744,0.3392819450301505,0.31230558984814427,0.363947759912147,1000
scenario_sweep_r2b,basic,5,SubViT,1000,0.3809716877843745,0.36616396793734846,0.39634282763943496,0.2709194264297751,0.2565320981161901,0.29058439608334896,1000
scenario_sweep_r2b,basic,5,DA-MUSIC,1000,2.031414167916027,1.9523385701792635,2.1167320618511227,1.39911037766103,1.2560252990869936,1.4866677187990884,1000
scenario_sweep_r2b,basic,5,ReconUNet,1000,0.3499890073781822,0.3319364756037463,0.36745762581543306,0.22945954642451977,0.21615724918837584,0.24566140874471712,1000
scenario_sweep_r2b,basic,5,ReconUNet-C,1000,0.2605199972622353,0.24867272887484446,0.2731765906344297,0.16701252903395208,0.15496985081635345,0.18209001226507823,1000
scenario_sweep_r2b,basic,5,ReconUNet-CB,1000,0.26530889801285645,0.25322267339136295,0.2783702037208525,0.1790397365229906,0.1656831634998361,0.1912486996054476,1000
scenario_sweep_r2b,basic,10,Root-MUSIC,1000,0.2301998263623988,0.2201205058671527,0.24132578849575123,0.15028123019321593,0.13957644778304137,0.1641226017744558,1000
scenario_sweep_r2b,basic,10,SubspaceNet,1000,0.5668890754426379,0.5387283261070841,0.5964921022925934,0.3582092501822136,0.33241306558789135,0.38140965407651595,1000
scenario_sweep_r2b,basic,10,SubViT,1000,0.3744177474677648,0.3602601080437293,0.389361939501834,0.2696345102206653,0.2539336229132307,0.28833819968487506,1000
scenario_sweep_r2b,basic,10,DA-MUSIC,1000,2.0085638335119587,1.9176715441860823,2.0834348465489736,1.3502113816315857,1.2667958843281468,1.46656231256494,1000
scenario_sweep_r2b,basic,10,ReconUNet,1000,0.34437276823329793,0.3264758525642436,0.36291619548699233,0.22712298454949384,0.21493824396603434,0.24354724533699354,1000
scenario_sweep_r2b,basic,10,ReconUNet-C,1000,0.25209408096244074,0.24026296653118545,0.2656454130276304,0.16633558966860257,0.15462010997985945,0.17521611063544487,1000
scenario_sweep_r2b,basic,10,ReconUNet-CB,1000,0.2683356696160669,0.25540481134296994,0.28131307122535476,0.17486820449825902,0.16486923253093336,0.1845181176527626,1000
scenario_sweep_r2b,basic,15,Root-MUSIC,1000,0.2293051731371866,0.21760577574025966,0.2403382644317307,0.14872309407700973,0.13779222851830844,0.1608999990004453,1000
scenario_sweep_r2b,basic,15,SubspaceNet,1000,0.572074330620207,0.5447732163362375,0.6005141189634104,0.3679311798905384,0.34179374635802506,0.3912688101472486,1000
scenario_sweep_r2b,basic,15,SubViT,1000,0.3734759137988525,0.3587361712619092,0.3874617957617826,0.269094083403011,0.2540614160885238,0.2879035204312968,1000
scenario_sweep_r2b,basic,15,DA-MUSIC,1000,2.00368596779765,1.9213358618856506,2.0892152138520546,1.3543608817462292,1.2535786769852642,1.4546818750475463,1000
scenario_sweep_r2b,basic,15,ReconUNet,1000,0.3431108044812593,0.32538133853938966,0.3614831546610634,0.22843821966060707,0.21385346126058877,0.23977125678024427,1000
scenario_sweep_r2b,basic,15,ReconUNet-C,1000,0.24968928326883255,0.23801187143825567,0.2615080283819926,0.1607519065934768,0.15398028573640887,0.17115599162040626,1000
scenario_sweep_r2b,basic,15,ReconUNet-CB,1000,0.27024716424910294,0.25673258373223695,0.2836910793356498,0.1772775503279046,0.16541875737546916,0.18792779678539995,1000
scenario_sweep_r2b,basic,20,Root-MUSIC,1000,0.22922890408048127,0.218712425164189,0.2400257765736046,0.14703454327102955,0.1379345948199509,0.16089160371034764,1000
scenario_sweep_r2b,basic,20,SubspaceNet,1000,0.5738711945327583,0.5466585325486504,0.6034226272334624,0.3703994278393408,0.34614202149839196,0.39221049138618863,1000
scenario_sweep_r2b,basic,20,SubViT,1000,0.3761272091642658,0.3623806166749059,0.3899725219723798,0.2696345102206653,0.25510754671164204,0.2883278400042949,1000
scenario_sweep_r2b,basic,20,DA-MUSIC,1000,2.002893206171667,1.9241506273139914,2.08524610450192,1.3628454794411924,1.2535040379669555,1.4529035629642213,1000
scenario_sweep_r2b,basic,20,ReconUNet,1000,0.3430275344803581,0.32532872539969426,0.3600526004141505,0.22549526969311384,0.21204491765994976,0.23725172930336869,1000
scenario_sweep_r2b,basic,20,ReconUNet-C,1000,0.24902811807539202,0.236842499918853,0.2610787270031987,0.16312240990692056,0.15189486022442086,0.17264795992125953,1000
scenario_sweep_r2b,basic,20,ReconUNet-CB,1000,0.27083904197983577,0.2574772279569471,0.2849776596328966,0.17673966842087135,0.1629381780747849,0.1878578940123177,1000
scenario_sweep_r2b,moderate,-20,Root-MUSIC,2000,31.6884959602265,30.380110210976273,32.916455540709165,12.16709195457558,10.156829730586779,14.164995120660041,1000
scenario_sweep_r2b,moderate,-20,SubspaceNet,2000,32.02915275697608,31.14504535665321,32.87768804658259,23.186583103335042,22.007079216397635,24.526661765622922,1000
scenario_sweep_r2b,moderate,-20,SubViT,2000,34.89240347825605,33.902162441550125,35.88474800830235,24.44909648947923,22.623902980009362,25.980545758594292,1000
scenario_sweep_r2b,moderate,-20,DA-MUSIC,2000,28.987885509590903,28.037706159430417,29.969861815923483,18.165290722976923,17.145503697782143,19.321897522680146,1000
scenario_sweep_r2b,moderate,-20,ReconUNet,2000,31.954409241701676,30.83063053572827,33.06911745171903,8.910992219745985,7.9356548679941135,10.328569397575095,1000
scenario_sweep_r2b,moderate,-20,ReconUNet-C,2000,26.459291777953457,25.153013248565856,27.70118936771474,5.41839580696972,5.042418319923569,5.9789528700649575,1000
scenario_sweep_r2b,moderate,-20,ReconUNet-CB,2000,34.596135053774354,33.42498465533214,35.74825522586461,16.64810568909946,14.561268842783692,18.659918788250405,1000
scenario_sweep_r2b,moderate,-15,Root-MUSIC,2000,12.871579945182683,11.381610902714375,14.291317555306067,1.4071077795513411,1.3328336695679326,1.4904136460055606,1000
scenario_sweep_r2b,moderate,-15,SubspaceNet,2000,15.874833395684474,14.716590007050472,16.9166530966414,3.0024893386364395,2.8338303007972505,3.177597330586779,1000
scenario_sweep_r2b,moderate,-15,SubViT,2000,34.7772411787567,33.3423605403324,36.15271334928674,3.5367729580384824,3.1943732264195286,4.162022961699245,1000
scenario_sweep_r2b,moderate,-15,DA-MUSIC,2000,20.79009379337618,19.930581965793184,21.697569168807505,9.522542439135012,9.021316715060918,9.974593600556116,1000
scenario_sweep_r2b,moderate,-15,ReconUNet,2000,5.2404439587466545,4.017913605448976,6.365723001807278,1.1203487494356137,1.0475758791115197,1.202028039614919,1000
scenario_sweep_r2b,moderate,-15,ReconUNet-C,2000,8.851168585711571,7.124161935212846,10.437858701881009,1.0320381412452608,0.9839818598104229,1.0737884884242128,1000
scenario_sweep_r2b,moderate,-15,ReconUNet-CB,2000,6.372181885963505,4.8443695198380965,7.765915342653926,1.0477347423483332,0.9854702986678896,1.1328286972554984,1000
scenario_sweep_r2b,moderate,-10,Root-MUSIC,2000,6.596377447074452,4.82369685278109,8.194146742072691,0.575310235163859,0.5547444048050957,0.6159998831508441,1000
scenario_sweep_r2b,moderate,-10,SubspaceNet,2000,4.891869919528349,3.4472717945787785,6.220969703215534,0.9776663970475683,0.9324702964419489,1.025958344203657,1000
scenario_sweep_r2b,moderate,-10,SubViT,2000,21.257722572533904,19.588522378990312,22.903291376042,0.6183320886518855,0.5893132649599963,0.6537456576340335,1000
scenario_sweep_r2b,moderate,-10,DA-MUSIC,2000,6.009462823951044,5.3467447411066615,6.7249048957917825,2.557218759603283,2.440578307409778,2.692936772940193,1000
scenario_sweep_r2b,moderate,-10,ReconUNet,2000,1.8706722644670384,1.1168799060438364,2.807259901101372,0.5809459736231838,0.5428497129080636,0.6120187228314535,1000
scenario_sweep_r2b,moderate,-10,ReconUNet-C,2000,1.6925923390434634,0.8259400125615093,2.67726458773845,0.4571014152941365,0.4322860130232106,0.4807802976988433,1000
scenario_sweep_r2b,moderate,-10,ReconUNet-CB,2000,1.1518431739573514,0.9182731712349146,1.4713302772172903,0.47078270819393175,0.4486955983508477,0.4914648961717722,1000
scenario_sweep_r2b,moderate,-5,Root-MUSIC,2000,5.879514155084142,3.852503079243364,7.455196597146284,0.3585046559914701,0.3350650187167946,0.3779984357252115,1000
scenario_sweep_r2b,moderate,-5,SubspaceNet,2000,2.974616882228336,2.1504323389804996,3.8816530961039413,0.8525023051840465,0.8126164499609652,0.8971063269380606,1000
scenario_sweep_r2b,moderate,-5,SubViT,2000,11.502652614800665,9.81534468110727,13.078037221255522,0.37944260563295734,0.36014559268698804,0.3996197691267688,1000
scenario_sweep_r2b,moderate,-5,DA-MUSIC,2000,3.9017261881273373,3.4122374557590374,4.4153566039237315,1.804617810038288,1.7100191990096387,1.9090657261604542,1000
scenario_sweep_r2b,moderate,-5,ReconUNet,2000,1.807061200794062,1.0030824561352543,2.772067346570249,0.48302157571934146,0.4486254786884923,0.5126671438737214,1000
scenario_sweep_r2b,moderate,-5,ReconUNet-C,2000,0.6540225170571005,0.6124213161370928,0.6979236090265374,0.31958112051563214,0.2998797667643918,0.336908635019208,1000
scenario_sweep_r2b,moderate,-5,ReconUNet-CB,2000,0.7957297146996491,0.703348770582258,0.9115678320907384,0.3266213366338529,0.3091496097719121,0.3443528263109593,1000
scenario_sweep_r2b,moderate,0,Root-MUSIC,2000,5.914805235761229,4.132944177235906,7.539799362692683,0.2897997953311795,0.26996482127203975,0.30962882136707565,1000
scenario_sweep_r2b,moderate,0,SubspaceNet,2000,2.91760854787649,2.3404787207443034,3.5605609791286232,0.8454537564456683,0.7986631034490257,0.8857899274003038,1000
scenario_sweep_r2b,moderate,0,SubViT,2000,8.723997648858331,7.038763945842873,10.494888415336336,0.3280095602339047,0.31247683642405044,0.3416665182849903,1000
scenario_sweep_r2b,moderate,0,DA-MUSIC,2000,3.6002984632113635,3.206054325771817,4.150696651121485,1.7988463649145658,1.7112457833750168,1.8883662131243721,1000
scenario_sweep_r2b,moderate,0,ReconUNet,2000,1.790310102704143,0.9740624029936957,2.748094243494686,0.4590843213245312,0.4311318049948184,0.4857803538336575,1000
scenario_sweep_r2b,moderate,0,ReconUNet-C,2000,0.6075331050642455,0.569884787835668,0.6566617808066126,0.2789312578640555,0.2644945847723889,0.3003507232951966,1000
scenario_sweep_r2b,moderate,0,ReconUNet-CB,2000,0.7798190329639881,0.6550387405413125,0.9359415952623223,0.28516721944236434,0.269123113917941,0.30372876345603383,1000
scenario_sweep_r2b,moderate,5,Root-MUSIC,2000,5.913138043288932,3.9894270826582674,7.591561813928601,0.2729864268086604,0.2603728478397093,0.28629945086818465,1000
scenario_sweep_r2b,moderate,5,SubspaceNet,2000,3.2186973007373565,2.5211602934882453,3.9384063204326027,0.8424141425975319,0.7989876762442083,0.9067885266140131,1000
scenario_sweep_r2b,moderate,5,SubViT,2000,7.255300985025804,5.43282235148494,9.053178715642925,0.31308090597880484,0.2966409444127349,0.3280113531195734,1000
scenario_sweep_r2b,moderate,5,DA-MUSIC,2000,3.5523934588208648,3.188903113752266,4.0993248365251285,1.8002218169881412,1.6844183856009372,1.8813499632669326,1000
scenario_sweep_r2b,moderate,5,ReconUNet,2000,1.784429111746131,0.9772034877042572,2.7481142651177204,0.45503400119390025,0.42706947570154824,0.4793456618312958,1000
scenario_sweep_r2b,moderate,5,ReconUNet-C,2000,0.5971081715173238,0.5514563443401796,0.6490242522403799,0.26867060607731674,0.25395502281821264,0.28499096285483994,1000
scenario_sweep_r2b,moderate,5,ReconUNet-CB,2000,0.7808838055184035,0.6541850448276201,0.9699336687360429,0.2787792735328033,0.2639219158123568,0.2973112740474346,1000
scenario_sweep_r2b,moderate,10,Root-MUSIC,2000,6.001031990646623,4.218685428407212,7.702306014625479,0.2672823519439699,0.25348195056594147,0.28686430539925395,1000
scenario_sweep_r2b,moderate,10,SubspaceNet,2000,3.2192076858532275,2.5336528901619384,3.9472767027613784,0.8506953166371953,0.8093023222358678,0.9092292561956031,1000
scenario_sweep_r2b,moderate,10,SubViT,2000,6.422641210013297,4.526370022479853,8.2430378007955,0.31080817094622804,0.29267706237864505,0.32450568897876997,1000
scenario_sweep_r2b,moderate,10,DA-MUSIC,2000,3.5359894834494052,3.173645382080913,4.064391409053352,1.7786059152365632,1.684013783851963,1.871970849510154,1000
scenario_sweep_r2b,moderate,10,ReconUNet,2000,1.7819499642432561,0.9683610627932604,2.737986754588727,0.455084795042743,0.43227583116995616,0.4842275790877131,1000
scenario_sweep_r2b,moderate,10,ReconUNet-C,2000,0.5950847241673621,0.5468884489328812,0.648798714832455,0.26674278367063575,0.2541981039697859,0.28182682826177946,1000
scenario_sweep_r2b,moderate,10,ReconUNet-CB,2000,0.8020601115399417,0.6589973591163365,0.9958701396524681,0.2794964594006014,0.2656878058433006,0.2993546787435736,1000
scenario_sweep_r2b,moderate,15,Root-MUSIC,2000,6.001549628143808,4.158072021055728,7.6529989509476914,0.2669826858061454,0.2509411431406885,0.2821507184344051,1000
scenario_sweep_r2b,moderate,15,SubspaceNet,2000,3.764632604470092,2.6544459991390243,4.863850467677991,0.8593845877055758,0.8167984225485265,0.9073370531310899,1000
scenario_sweep_r2b,moderate,15,SubViT,2000,6.127225533331043,4.319832614447895,7.666213501712929,0.3115889470872113,0.2937465582273757,0.32497312311560145,1000
scenario_sweep_r2b,moderate,15,DA-MUSIC,2000,3.528723092410939,3.1516825667127324,4.0050667872499925,1.7687636214735218,1.6728541039440405,1.8785794521414938,1000
scenario_sweep_r2b,moderate,15,ReconUNet,2000,1.7807546831624923,0.9638703498037505,2.7492788909010257,0.4564803064523941,0.4360112985116917,0.4875817641837957,1000
scenario_sweep_r2b,moderate,15,ReconUNet-C,2000,0.59536767066895,0.5449537545759237,0.6481948719378899,0.26937902021041793,0.2548095684618711,0.2864318531449285,1000
scenario_sweep_r2b,moderate,15,ReconUNet-CB,2000,0.7015903955024634,0.6424239293190754,0.7562856366974127,0.2828517707204171,0.2644777588568691,0.2982483938354131,1000
scenario_sweep_r2b,moderate,20,Root-MUSIC,2000,6.001946074889392,4.132699036447182,7.659411187598143,0.2668503506069059,0.2507456991020579,0.2827885566922909,1000
scenario_sweep_r2b,moderate,20,SubspaceNet,2000,3.2188702930890196,2.504222318287935,3.8960742495155536,0.8627578617743664,0.8233239620702628,0.9100865413714269,1000
scenario_sweep_r2b,moderate,20,SubViT,2000,5.70778312547009,4.131345818506235,7.244837551739099,0.3112312066846344,0.29435723929473556,0.3239845846779042,1000
scenario_sweep_r2b,moderate,20,DA-MUSIC,2000,3.525124993989398,3.1442801970747785,4.036408121967516,1.7633633073091008,1.6592382794631464,1.8674899345212825,1000
scenario_sweep_r2b,moderate,20,ReconUNet,2000,1.7802047576470015,0.970697302544394,3.0800872447937273,0.4583073754211001,0.43452423099054965,0.48497161927063964,1000
scenario_sweep_r2b,moderate,20,ReconUNet-C,2000,0.5958270859840801,0.5430640063132431,0.655525110053466,0.2716664999011585,0.25621744749917663,0.28455112056651516,1000
scenario_sweep_r2b,moderate,20,ReconUNet-CB,2000,0.7018997410557125,0.649669709131368,0.7592662863650228,0.28214229730179197,0.2659274192423396,0.2986747541410048,1000
scenario_sweep_r2b,advanced1_ood,-20,Root-MUSIC,1000,47.50967802577555,45.13129488772028,49.79109517381065,19.404446473942766,14.413791494742327,23.56350896504793,1000
scenario_sweep_r2b,advanced1_ood,-20,SubspaceNet,1000,38.97918294857825,37.441389700412195,40.46531254269777,30.242322772316918,26.99871808182782,33.27096357217217,1000
scenario_sweep_r2b,advanced1_ood,-20,SubViT,1000,37.254890495584974,35.78651979265454,38.79056904199104,25.63495573984137,23.152501738402215,28.056170662727407,1000
scenario_sweep_r2b,advanced1_ood,-20,DA-MUSIC,1000,36.354282459561,35.079762392738594,37.51964884981629,27.984095423044653,26.42196673246427,30.253851797564643,1000
scenario_sweep_r2b,advanced1_ood,-20,ReconUNet,1000,49.00301906986488,46.76069330854224,51.147686195744804,28.739147888746746,23.01266113221044,32.0935905226982,1000
scenario_sweep_r2b,advanced1_ood,-20,ReconUNet-C,1000,41.624821269454294,39.24214074684213,43.82593544495623,10.794622074634814,8.219802943184403,13.87678310174695,1000
scenario_sweep_r2b,advanced1_ood,-20,ReconUNet-CB,1000,43.4085681652852,41.39577385211526,45.364039429872406,23.677786629948415,20.67580006906852,26.32950161903951,1000
scenario_sweep_r2b,advanced1_ood,-15,Root-MUSIC,1000,41.61375934721531,39.24380446966472,43.96651340590896,4.779214565729628,4.092049862349429,5.411016012430306,1000
scenario_sweep_r2b,advanced1_ood,-15,SubspaceNet,1000,28.08772858675663,26.1557836429869,29.938039186930975,6.648356159680049,5.843127276003211,7.610274547042567,1000
scenario_sweep_r2b,advanced1_ood,-15,SubViT,1000,34.06454660141502,31.83244563796107,36.28709383464509,4.0967000397729425,3.6836096343937137,4.756901194924222,1000
scenario_sweep_r2b,advanced1_ood,-15,DA-MUSIC,1000,33.558756533027804,31.942370053208386,35.184946608983196,19.716648955211618,17.937982320116074,21.42058813126521,1000
scenario_sweep_r2b,advanced1_ood,-15,ReconUNet,1000,28.87182253867916,26.363171867755483,31.243055599831216,2.7792925745866457,2.4416652834975796,2.990552166270152,1000
scenario_sweep_r2b,advanced1_ood,-15,ReconUNet-C,1000,26.924659719138525,24.25536368415448,29.35854744224893,1.979515669237863,1.7920840313623245,2.170564986918155,1000
scenario_sweep_r2b,advanced1_ood,-15,ReconUNet-CB,1000,28.229855831718346,25.87293773035529,30.35825780379161,2.585082991552902,2.402636330915737,2.7944846945152744,1000
scenario_sweep_r2b,advanced1_ood,-10,Root-MUSIC,1000,41.188715994512044,38.507522354596944,43.63714013809672,4.00640783659452,3.529488573335374,4.825456862500317,1000
scenario_sweep_r2b,advanced1_ood,-10,SubspaceNet,1000,20.919225621743767,18.928107455061056,22.874641791281064,3.384129768546157,3.13005713693728,3.68689631802119,1000
scenario_sweep_r2b,advanced1_ood,-10,SubViT,1000,26.038107191179705,23.704647462259246,28.353638580930312,1.8936441909808268,1.7455332850848548,2.1134719256651135,1000
scenario_sweep_r2b,advanced1_ood,-10,DA-MUSIC,1000,25.440295153956924,23.531118576908177,27.40311629876584,11.456654113969893,10.247818877597656,12.63083138463359,1000
scenario_sweep_r2b,advanced1_ood,-10,ReconUNet,1000,22.32347503908499,19.80889720006044,24.68530958533321,1.9596537356549208,1.8130009224504449,2.1386285089424657,1000
scenario_sweep_r2b,advanced1_ood,-10,ReconUNet-C,1000,24.01562862904276,21.30571192621147,26.576372034713216,1.3869445300802081,1.2716819442418867,1.5314428552504844,1000
scenario_sweep_r2b,advanced1_ood,-10,ReconUNet-CB,1000,22.75048880766845,20.107759244303768,25.27964052277341,1.5710548729641653,1.3945854122172803,1.7845063498752953,1000
scenario_sweep_r2b,advanced1_ood,-5,Root-MUSIC,1000,41.170918210493866,38.48309454296869,43.63732951758395,4.0199380361011325,3.5346295873343685,4.712544576592169,1000
scenario_sweep_r2b,advanced1_ood,-5,SubspaceNet,1000,21.63874022109758,19.324090966476028,23.763381462852273,3.338289891585763,3.088612528528976,3.578533832231817,1000
scenario_sweep_r2b,advanced1_ood,-5,SubViT,1000,24.1560429400222,21.572354984414098,26.381543529139446,1.3314735893860141,1.1674050749319829,1.5013847317296452,1000
scenario_sweep_r2b,advanced1_ood,-5,DA-MUSIC,1000,24.174773790463252,22.082814965141342,26.40793112944427,8.204130662967467,7.344976834026286,9.212431057345704,1000
scenario_sweep_r2b,advanced1_ood,-5,ReconUNet,1000,22.635612106620922,19.947088628182872,25.177933255890895,1.9063756966627778,1.7604863069820578,2.051053542799208,1000
scenario_sweep_r2b,advanced1_ood,-5,ReconUNet-C,1000,20.993904745956684,18.11282349454805,23.45467694237722,1.1695937998750552,1.085364958744763,1.288167995303287,1000
scenario_sweep_r2b,advanced1_ood,-5,ReconUNet-CB,1000,22.85930569052399,20.186381104800027,25.41925321280535,1.5226911114236206,1.3469029611727885,1.655559194943661,1000
scenario_sweep_r2b,advanced1_ood,0,Root-MUSIC,1000,40.94967077084859,38.333621106298835,43.27836393204447,3.9179013053564704,3.460294155981612,4.483042236483144,1000
scenario_sweep_r2b,advanced1_ood,0,SubspaceNet,1000,21.49472436569046,19.250330584664294,23.929760296061815,3.262228372300158,3.027282938384752,3.5657513153944578,1000
scenario_sweep_r2b,advanced1_ood,0,SubViT,1000,23.599211202635818,21.080579784816045,26.19162915423659,1.1368166211610027,1.0033706066111576,1.2618091184773048,1000
scenario_sweep_r2b,advanced1_ood,0,DA-MUSIC,1000,24.276119678728918,22.0162853035929,26.72840873900701,7.750608688560517,6.911164519601142,8.764213187392933,1000
scenario_sweep_r2b,advanced1_ood,0,ReconUNet,1000,23.03990619346007,20.390775635602925,25.783765748468333,1.8752548238909172,1.7188529168154216,2.033168977733986,1000
scenario_sweep_r2b,advanced1_ood,0,ReconUNet-C,1000,20.808433416930814,18.10599328804055,23.47710677046364,1.1754521058248606,1.0780488392023557,1.2675873416730392,1000
scenario_sweep_r2b,advanced1_ood,0,ReconUNet-CB,1000,21.888732423622564,19.15803088643067,24.32527416421838,1.4133763455599042,1.2955870006154369,1.5624060026553048,1000
scenario_sweep_r2b,advanced1_ood,5,Root-MUSIC,1000,41.10950603687972,38.48714709411635,43.67186278898893,3.8998004147984267,3.4411868472667,4.5834360967181285,1000
scenario_sweep_r2b,advanced1_ood,5,SubspaceNet,1000,21.687890607123954,19.32117713456503,24.172240692106403,3.310976711558623,3.053006542769426,3.5819409561705244,1000
scenario_sweep_r2b,advanced1_ood,5,SubViT,1000,23.813502149230168,21.30650101993901,26.136539791332243,1.087746012063501,0.972792354794693,1.2390529351106456,1000
scenario_sweep_r2b,advanced1_ood,5,DA-MUSIC,1000,24.26715756879743,22.08878381736185,26.561460912529213,7.7572649594424234,7.046539592572954,8.645408849052414,1000
scenario_sweep_r2b,advanced1_ood,5,ReconUNet,1000,22.850854612307703,20.0867233197912,25.48586901026549,1.9085272681399548,1.7362878278889056,2.0352331478192127,1000
scenario_sweep_r2b,advanced1_ood,5,ReconUNet-C,1000,20.420016613008485,17.82913774250552,22.929558633406117,1.1850155564280107,1.063824545370552,1.2901993038183004,1000
scenario_sweep_r2b,advanced1_ood,5,ReconUNet-CB,1000,20.98675924857779,18.253589133052635,23.482593835808064,1.395354675095285,1.2992488276240675,1.533556639318914,1000
scenario_sweep_r2b,advanced1_ood,10,Root-MUSIC,1000,40.8756710769318,38.180449306063,43.52744696050997,3.879082677446811,3.439856146034284,4.493255930487879,1000
scenario_sweep_r2b,advanced1_ood,10,SubspaceNet,1000,21.965394646193193,19.794970211205364,24.274550041251942,3.2855342410956236,2.992214557908111,3.566658100974094,1000
scenario_sweep_r2b,advanced1_ood,10,SubViT,1000,23.897727314406495,21.57624422522694,26.31884731145143,1.0921609530907554,0.9818797741323965,1.242635737333373,1000
scenario_sweep_r2b,advanced1_ood,10,DA-MUSIC,1000,24.294315510139608,21.752404216844727,26.43168199737585,7.694932052279759,7.021744341388268,8.587774785305562,1000
scenario_sweep_r2b,advanced1_ood,10,ReconUNet,1000,22.870447900494568,20.219634734355484,25.448651370866394,1.8914956900069861,1.7312701770286996,2.042467008296538,1000
scenario_sweep_r2b,advanced1_ood,10,ReconUNet-C,1000,20.550845054240607,17.53090255829961,23.180233903654965,1.1758802084311535,1.0630948872102635,1.2778736380310771,1000
scenario_sweep_r2b,advanced1_ood,10,ReconUNet-CB,1000,21.065097079755216,18.337079209305116,23.66855522311472,1.4179010961321565,1.2960932304237254,1.5172539881473346,1000
scenario_sweep_r2b,advanced1_ood,15,Root-MUSIC,1000,41.03414334262492,38.39382781098385,43.58075492323767,3.9195046789445795,3.48250257379278,4.501251862054977,1000
scenario_sweep_r2b,advanced1_ood,15,SubspaceNet,1000,21.969141816672103,19.63102045010545,24.269582002388066,3.256767108880923,2.9791285550185074,3.5203505438301423,1000
scenario_sweep_r2b,advanced1_ood,15,SubViT,1000,24.042084780673306,21.648944952414123,26.479600063985437,1.0827591213290275,0.9631556828962761,1.226804845257491,1000
scenario_sweep_r2b,advanced1_ood,15,DA-MUSIC,1000,24.29642420056427,21.967236990233893,26.554791754876614,7.654851166893081,6.9537816059175945,8.583157257403787,1000
scenario_sweep_r2b,advanced1_ood,15,ReconUNet,1000,22.816109322910663,20.21330038828255,25.305476213925278,1.886681729921071,1.750058101032636,2.032758057219082,1000
scenario_sweep_r2b,advanced1_ood,15,ReconUNet-C,1000,20.750397051951957,18.026797811693687,23.286660159539885,1.170384892407761,1.0463426799650652,1.2928070374358553,1000
scenario_sweep_r2b,advanced1_ood,15,ReconUNet-CB,1000,20.65414802599328,17.88309551461036,23.154234086354254,1.418208034137485,1.2990645125543432,1.5388813022464025,1000
scenario_sweep_r2b,advanced1_ood,20,Root-MUSIC,1000,41.0223266238661,38.25438408283901,43.52008970988829,3.9140003907784973,3.4644512929527047,4.512503054030233,1000
scenario_sweep_r2b,advanced1_ood,20,SubspaceNet,1000,21.875435672547244,19.551005933768597,23.920626393040795,3.253880107817406,2.9692008228319877,3.508820726574008,1000
scenario_sweep_r2b,advanced1_ood,20,SubViT,1000,24.094481972079517,21.44381992380837,26.460166933166843,1.0827591213290275,0.9564140293132035,1.2287156922259443,1000
scenario_sweep_r2b,advanced1_ood,20,DA-MUSIC,1000,24.295448353025712,22.012791844002262,26.658462266965024,7.670022751015623,6.917046115409944,8.499364355326907,1000
scenario_sweep_r2b,advanced1_ood,20,ReconUNet,1000,22.931022983853218,20.234925226701623,25.459688887370866,1.8975450787125132,1.7501036636012495,2.031987641225159,1000
scenario_sweep_r2b,advanced1_ood,20,ReconUNet-C,1000,20.749138413823015,18.141733457835112,23.173230704234342,1.1581465192499305,1.0497402751611304,1.2685615429147654,1000
scenario_sweep_r2b,advanced1_ood,20,ReconUNet-CB,1000,20.652800237563,18.110391079300147,23.04597578163519,1.422029892615015,1.2949044150936038,1.5328298340505742,1000
scenario_sweep_r2b,advanced2_crowded,-20,Root-MUSIC,4000,21.023902196380874,20.48975837446089,21.589527282503653,9.583222443706932,8.867522322591103,10.460041695115775,1000
scenario_sweep_r2b,advanced2_crowded,-20,SubspaceNet,4000,21.729215061305943,21.245959769577027,22.199154656149233,15.590785536205486,15.066248763598741,16.030012592351184,1000
scenario_sweep_r2b,advanced2_crowded,-20,SubViT,4000,30.317193829763422,29.707435909596683,30.882175173298567,20.653388074293158,19.892985368371914,21.45142079439478,1000
scenario_sweep_r2b,advanced2_crowded,-20,DA-MUSIC,4000,21.172766053954255,20.73100793824782,21.62075554882854,14.742452614747677,14.314614485420519,15.306220834888462,1000
scenario_sweep_r2b,advanced2_crowded,-20,ReconUNet,4000,18.432041472879035,17.893279626725384,18.997643961490674,6.1149001477101255,5.788156677539822,6.5024718463365545,1000
scenario_sweep_r2b,advanced2_crowded,-20,ReconUNet-C,4000,18.354768883689225,17.818803999477925,18.872199529561716,5.7928811408167356,5.512375370222621,6.236983644743155,1000
scenario_sweep_r2b,advanced2_crowded,-20,ReconUNet-CB,4000,19.04129124649917,18.508407569086653,19.569580536141892,6.79764656330809,6.3263895299241835,7.248736150603941,1000
scenario_sweep_r2b,advanced2_crowded,-15,Root-MUSIC,4000,14.658176319118962,14.075860328907083,15.201261239196821,2.492980491623737,2.358738167563663,2.6212245206821336,1000
scenario_sweep_r2b,advanced2_crowded,-15,SubspaceNet,4000,13.553275832221928,13.0980494677727,14.005528126035804,4.56084703755255,4.328637549247795,4.830099563165215,1000
scenario_sweep_r2b,advanced2_crowded,-15,SubViT,4000,32.97178459219543,32.11243002588071,33.82606260857196,16.795152812820994,15.583719408176847,17.751818835847153,1000
scenario_sweep_r2b,advanced2_crowded,-15,DA-MUSIC,4000,12.057830397606079,11.688638036999883,12.467930651406123,6.229850392539271,5.938104538508387,6.443639401690141,1000
scenario_sweep_r2b,advanced2_crowded,-15,ReconUNet,4000,7.918292653551327,7.301974696650047,8.557879398730451,1.5216961005971148,1.4464730823882357,1.5985486649233436,1000
scenario_sweep_r2b,advanced2_crowded,-15,ReconUNet-C,4000,5.40691742696521,4.741774486531778,6.035989461221804,1.1224347880227947,1.0897157233302572,1.1741983185962526,1000
scenario_sweep_r2b,advanced2_crowded,-15,ReconUNet-CB,4000,5.9338053075308315,5.368684394216551,6.530472452335704,1.2702016900659314,1.2239872314297164,1.325603829753917,1000
scenario_sweep_r2b,advanced2_crowded,-10,Root-MUSIC,4000,9.887352282110369,9.253951493418784,10.500649973109065,0.850130521820113,0.8152656966973155,0.8927274964161604,1000
scenario_sweep_r2b,advanced2_crowded,-10,SubspaceNet,4000,9.167297322499712,8.629991044639553,9.65605764110775,2.19834245499775,2.1027847576826764,2.3116637185966726,1000
scenario_sweep_r2b,advanced2_crowded,-10,SubViT,4000,22.358481979752682,21.67539740291997,23.034253542093225,1.9201381708355332,1.6649698211242578,2.333959014626165,1000
scenario_sweep_r2b,advanced2_crowded,-10,DA-MUSIC,4000,7.285569532977989,6.936879732191385,7.632664947838867,3.3718609727294817,3.2481030082117877,3.499780710131442,1000
scenario_sweep_r2b,advanced2_crowded,-10,ReconUNet,4000,5.384450588183782,4.746539400067324,5.962075356342451,1.0226190621169167,0.966513887956422,1.0628376894598894,1000
scenario_sweep_r2b,advanced2_crowded,-10,ReconUNet-C,4000,3.0532613995742253,2.469392953118008,3.5845347297156205,0.6974903685946109,0.6639974023505197,0.7255577033639805,1000
scenario_sweep_r2b,advanced2_crowded,-10,ReconUNet-CB,4000,3.170938618496597,2.5872133541578397,3.686635419422004,0.7561454514746209,0.7246170254105136,0.7821902148770787,1000
scenario_sweep_r2b,advanced2_crowded,-5,Root-MUSIC,4000,9.006424452440134,8.408311469373604,9.635906652828746,0.45961962206023044,0.4390283221438436,0.48518074797152927,1000
scenario_sweep_r2b,advanced2_crowded,-5,SubspaceNet,4000,8.140376142340076,7.621363410289743,8.65509925937932,1.960533981386028,1.8861134522555725,2.0462121292418667,1000
scenario_sweep_r2b,advanced2_crowded,-5,SubViT,4000,17.577751192543165,16.85015101072433,18.192336307527977,0.6810671404192834,0.6529613034439378,0.7113913700674047,1000
scenario_sweep_r2b,advanced2_crowded,-5,DA-MUSIC,4000,6.710946177533369,6.381402340438634,7.0712338333922,2.95103932158558,2.865834421065985,3.089039961273806,1000
scenario_sweep_r2b,advanced2_crowded,-5,ReconUNet,4000,4.873792679754607,4.218374303984875,5.521980245422567,0.9134554324465339,0.8745825233592657,0.9514847494198918,1000
scenario_sweep_r2b,advanced2_crowded,-5,ReconUNet-C,4000,2.542807149104253,1.9430004624542896,3.0733862072542495,0.5705649267170523,0.5501497480739413,0.5871896207749394,1000
scenario_sweep_r2b,advanced2_crowded,-5,ReconUNet-CB,4000,2.5703738657313835,2.0980295803883644,3.11756203570215,0.6197136941277641,0.596002642148845,0.6463349425128133,1000
scenario_sweep_r2b,advanced2_crowded,0,Root-MUSIC,4000,8.870640928578078,8.205771004541802,9.483126100639963,0.3609891342765486,0.343309195695827,0.3798622562563795,1000
scenario_sweep_r2b,advanced2_crowded,0,SubspaceNet,4000,7.912274572685197,7.401984318345478,8.405062147059999,1.8872451528224556,1.8118336788576468,1.9653798027132061,1000
scenario_sweep_r2b,advanced2_crowded,0,SubViT,4000,16.32080343369999,15.600727940925939,17.01029627786807,0.5566655055938023,0.5403282945172826,0.5782737447575247,1000
scenario_sweep_r2b,advanced2_crowded,0,DA-MUSIC,4000,6.651746933585592,6.318358783919349,6.970598179538639,2.948489065242005,2.812883017277693,3.0526128489686464,1000
scenario_sweep_r2b,advanced2_crowded,0,ReconUNet,4000,4.803697184616093,4.132877546032098,5.3840407847829,0.8942070443905881,0.8618733862636678,0.9232577375711754,1000
scenario_sweep_r2b,advanced2_crowded,0,ReconUNet-C,4000,2.4451462028450126,1.9416495242219307,3.03714126385898,0.5397803977280147,0.5214506565705982,0.5655982504284931,1000
scenario_sweep_r2b,advanced2_crowded,0,ReconUNet-CB,4000,2.574920716977547,2.0825728692904115,3.0813389233114727,0.586539273919654,0.5615604501854471,0.6144631276342578,1000
scenario_sweep_r2b,advanced2_crowded,5,Root-MUSIC,4000,8.92902833051656,8.283522692932682,9.517663674851098,0.3370313932576118,0.32006956960624416,0.35222768804872545,1000
scenario_sweep_r2b,advanced2_crowded,5,SubspaceNet,4000,7.91419582652563,7.382007529041055,8.423372328159756,1.8888362216445445,1.808489150384497,1.9524385366848422,1000
scenario_sweep_r2b,advanced2_crowded,5,SubViT,4000,16.34466598742241,15.653345050126806,17.093312958026214,0.5359213712610613,0.5113060757832835,0.555878385932392,1000
scenario_sweep_r2b,advanced2_crowded,5,DA-MUSIC,4000,6.646581092894921,6.305093672964764,6.995513432027194,2.9438685219448484,2.8175097518799292,3.055206200550792,1000
scenario_sweep_r2b,advanced2_crowded,5,ReconUNet,4000,4.765806988144983,4.163388667966676,5.333735446768724,0.8764566811843792,0.8463599636302522,0.9181173975287632,1000
scenario_sweep_r2b,advanced2_crowded,5,ReconUNet-C,4000,2.627190917103698,2.0754313401013156,3.2000024972811807,0.529057893214596,0.5122387358521877,0.5518075296063845,1000
scenario_sweep_r2b,advanced2_crowded,5,ReconUNet-CB,4000,2.57121113981692,2.073489104395337,3.0620203593385344,0.5789917080380662,0.5571664402693863,0.601917938471605,1000
scenario_sweep_r2b,advanced2_crowded,10,Root-MUSIC,4000,8.814214017774203,8.186147925476861,9.433747875334916,0.3273999680103403,0.3121718649691849,0.3464545042457562,1000
scenario_sweep_r2b,advanced2_crowded,10,SubspaceNet,4000,7.902986865917418,7.40999588624971,8.406358526378627,1.8930072940026896,1.8038664324667366,1.9684563998135474,1000
scenario_sweep_r2b,advanced2_crowded,10,SubViT,4000,16.19113560116952,15.476866946492725,16.88851147499085,0.5341690142886482,0.5117625323356884,0.555781513180941,1000
scenario_sweep_r2b,advanced2_crowded,10,DA-MUSIC,4000,6.644983791062385,6.274718349567947,6.968586981375294,2.9376328553719464,2.7921367916967315,3.071945496179304,1000
scenario_sweep_r2b,advanced2_crowded,10,ReconUNet,4000,4.765230298155946,4.156712941022154,5.379469701687168,0.8727171171410195,0.8332884375780188,0.9076223965051325,1000
scenario_sweep_r2b,advanced2_crowded,10,ReconUNet-C,4000,2.6764141235529695,2.1417106336264538,3.1963157515658036,0.5326010529872063,0.5072724543629649,0.5579331488313621,1000
scenario_sweep_r2b,advanced2_crowded,10,ReconUNet-CB,4000,2.57075959782775,2.1264379304908494,3.081729053062079,0.574708281415671,0.5526797420852364,0.602016238211261,1000
scenario_sweep_r2b,advanced2_crowded,15,Root-MUSIC,4000,8.814018294530298,8.15709568201339,9.45112169980718,0.3244732475769823,0.3119449573902609,0.3470858634159745,1000
scenario_sweep_r2b,advanced2_crowded,15,SubspaceNet,4000,7.963827156411842,7.433481972517098,8.490487255243385,1.902280589275305,1.8111387490931194,1.9823886291196446,1000
scenario_sweep_r2b,advanced2_crowded,15,SubViT,4000,16.063314926692744,15.361946418242145,16.762102643268882,0.5317427828597526,0.5112332805767963,0.5529693161934924,1000
scenario_sweep_r2b,advanced2_crowded,15,DA-MUSIC,4000,6.644364295655574,6.320830830409627,6.964001516686187,2.955221158316589,2.785417716993416,3.084612366297811,1000
scenario_sweep_r2b,advanced2_crowded,15,ReconUNet,4000,4.787271012053211,4.20493192870716,5.355699176996276,0.8697135809129257,0.840092715244247,0.9001318342826461,1000
scenario_sweep_r2b,advanced2_crowded,15,ReconUNet-C,4000,2.6768552313292147,2.1600123961616995,3.3035089449331383,0.5342957899047525,0.5099087022414316,0.5549528534942769,1000
scenario_sweep_r2b,advanced2_crowded,15,ReconUNet-CB,4000,2.571612644796923,2.1045615926135994,3.0802224479020155,0.5768871324708699,0.547029072023513,0.6028247841255799,1000
scenario_sweep_r2b,advanced2_crowded,20,Root-MUSIC,4000,8.814255052736769,8.146808436871623,9.436140503161498,0.32483951709959286,0.3096363373272388,0.3425217813530413,1000
scenario_sweep_r2b,advanced2_crowded,20,SubspaceNet,4000,7.911963239114588,7.409798400495881,8.391465294232265,1.908867013898308,1.826780142534738,1.9831797519182943,1000
scenario_sweep_r2b,advanced2_crowded,20,SubViT,4000,16.2233588870384,15.510657412741379,16.930905869852488,0.540884369759192,0.5187413117240778,0.5589039546738361,1000
scenario_sweep_r2b,advanced2_crowded,20,DA-MUSIC,4000,6.643716134936883,6.30133047945898,6.975534776376983,2.943020323809393,2.791691664280253,3.103483149030677,1000
scenario_sweep_r2b,advanced2_crowded,20,ReconUNet,4000,4.7874704906062115,4.192332985307185,5.431866841534858,0.8690373525892626,0.8426461919502133,0.9001374067443136,1000
scenario_sweep_r2b,advanced2_crowded,20,ReconUNet-C,4000,2.677167475321178,2.125596203536796,3.2360612239116056,0.5333233372242931,0.5094467018995398,0.5559913710322161,1000
scenario_sweep_r2b,advanced2_crowded,20,ReconUNet-CB,4000,2.5723037432379305,2.1259388597445406,3.068504632991829,0.5733883923187884,0.5486964003208996,0.6018463230668284,1000
