scenario,snr_db,ReconUNet+Root-MUSIC,ReconUNet+MUSIC,ReconUNet+ESPRIT,ReconUNet+Unitary-ESPRIT,ReconUNet-C+Root-MUSIC,ReconUNet-C+MUSIC,ReconUNet-C+ESPRIT,ReconUNet-C+Unitary-ESPRIT,ReconUNet-CB+Root-MUSIC,ReconUNet-CB+MUSIC,ReconUNet-CB+ESPRIT,ReconUNet-CB+Unitary-ESPRIT,Root-MUSIC,CRLB
advanced1_ood,-20.0,49.0034065246582,48.064676323324086,54.18404006958008,41.59010247314088,41.57954025268555,41.40562418753185,42.22304534912109,40.71838599084531,43.31766891479492,43.54883771939391,43.390743255615234,40.03047770012465,47.50968170166016,4.1597867813845895
advanced1_ood,-15.0,28.872089385986328,28.592720659818404,30.03817367553711,25.608844838911597,26.92497444152832,27.025413712616064,27.20440673828125,26.44088826282589,28.22937774658203,28.43193299568967,28.673280715942383,27.040816755177666,41.6137580871582,1.416875353094934
advanced1_ood,-10.0,22.32358932495117,22.665869777051498,23.31743431091309,21.42074923951717,24.015926361083984,24.017051740563684,23.9556884765625,23.607359165718417,22.75063705444336,22.74989001270753,23.164974212646484,22.415158677119365,41.18871688842773,0.537026164269209
advanced1_ood,-5.0,22.635684967041016,22.432504082045654,23.928142547607425,21.407863893141897,20.99384117126465,20.99120877414377,21.413427352905277,20.921490420985567,22.859289169311523,22.857287750960467,22.933517456054688,22.36740614679008,41.1709213256836,0.2378130065112922
advanced1_ood,0.0,22.88864517211914,22.88875011575692,24.195947647094727,21.327491532628738,20.8084716796875,20.80452874459185,21.030818939208984,20.55336458872386,21.889976501464844,21.89042397092739,22.07796859741211,21.620083344148902,40.949668884277344,0.1200827009001919
advanced1_ood,5.0,22.85089111328125,22.6830405481496,24.079917907714844,21.27103396959649,20.42000770568848,20.414631293590038,20.6186580657959,20.125331781928924,20.910999298095703,20.98991246769962,21.024688720703125,20.84368936198011,41.10950469970703,0.0649116099095184
advanced1_ood,10.0,22.87052345275879,22.68306299000535,23.92442512512207,21.334013339146512,20.55097198486328,20.5486690787606,20.888887405395508,20.28394663947893,21.064815521240234,21.139430253924267,20.799354553222656,20.53020328755625,40.87567138671875,0.0360248102700575
advanced1_ood,15.0,22.816282272338867,23.04857078963982,23.9743595123291,21.36512565432229,20.750640869140625,20.748204331650637,20.640607833862305,20.28324735451354,20.65397834777832,20.653510583939795,20.70039749145508,20.361723626587494,41.034141540527344,0.0201725520212258
advanced1_ood,20.0,22.931121826171875,23.032675962099933,24.318239212036133,21.384054757685263,20.749282836914062,20.74703402849716,21.09943199157715,20.27630778019654,20.652368545532227,20.652580351647256,20.69177627563477,20.31629336716,41.0223274230957,0.011328579345788
advanced2_crowded,-20.0,18.33403205871582,25.554973102813747,18.936668395996094,15.696178559184716,18.359750747680664,18.603547999771223,18.151121139526367,16.88854567186849,19.03102302551269,19.360327657670283,19.27354049682617,18.67606648311949,21.023900985717773,8.352289410821816
advanced2_crowded,-15.0,7.91832971572876,12.271778987299626,7.736743927001953,6.5839789713666566,5.407210826873779,6.680494185939311,5.4975199699401855,5.132168133686727,5.933709621429443,6.981408438360628,6.156724452972412,5.7765315656446505,14.65817642211914,2.79800317898969
advanced2_crowded,-10.0,5.384498596191406,8.659404596033298,5.554863452911377,4.44392205615164,3.053393840789795,4.034410525989831,3.0617716312408447,2.963483657315481,3.170880079269409,4.242692201460258,3.178605794906616,2.9683135170103894,9.887351989746094,1.023132974085653
advanced2_crowded,-5.0,4.873769760131836,8.31101733610023,4.738753318786621,4.123628272539242,2.5432960987091064,3.838184450133261,2.7566421031951904,2.5718747409707303,2.570492744445801,4.07913385449105,2.520761728286743,2.54531153259588,9.006423950195312,0.4317822797583514
advanced2_crowded,0.0,4.803775310516357,8.161965578758425,4.612707614898682,4.004605437528992,2.44584321975708,3.872049773460896,2.663372039794922,2.4941045332948457,2.574956178665161,3.948287937391375,2.39628267288208,2.499027531921222,8.870640754699707,0.2103689814075069
advanced2_crowded,5.0,4.765772342681885,8.201757424881453,4.401845455169678,3.964939291959224,2.627232074737549,3.855572304285967,2.4896795749664307,2.371413282465632,2.571242332458496,4.1532573783370434,2.3751063346862797,2.454747150356777,8.929028511047363,0.1118333102365762
advanced2_crowded,10.0,4.765225410461426,8.297657819494441,4.401573657989502,3.938880485124157,2.676532745361328,3.743353199128301,2.515035629272461,2.336605684264987,2.570773839950561,4.012625513210827,2.375451803207397,2.452365445409956,8.814213752746582,0.0616871577684877
advanced2_crowded,15.0,4.787237644195557,8.340454591766871,4.410067081451416,3.92368894389426,2.67696213722229,3.7177026250212215,2.5374529361724854,2.348139485859644,2.5716371536254883,4.01282713741569,2.375417232513428,2.45703389547428,8.814019203186035,0.0344723827270692
advanced2_crowded,20.0,4.787474155426025,8.384738441621897,4.237366199493408,3.9170623945062495,2.6772193908691406,3.758520054797276,2.551603078842163,2.360015596783424,2.572321891784668,4.01311824181439,2.3757214546203613,2.460984227231628,8.814254760742188,0.0193464941950981
basic,-20.0,44.48451614379883,44.244342336059525,49.64662551879883,36.93292966246175,37.000030517578125,37.07707478243255,37.367713928222656,36.43523800591099,42.30254364013672,42.049779957187546,41.60287094116211,37.74858354366037,40.11866760253906,4.147960111124541
basic,-15.0,4.394458770751953,5.255785116569441,4.984005451202393,3.315841384472524,5.589676856994629,5.590824832352157,5.572126865386963,5.735579405483335,4.903567314147949,4.9072546584329375,5.414034366607666,5.94119474752599,4.755208969116211,1.412847041433473
basic,-10.0,0.6778916120529175,0.6983436126298335,0.7067793011665344,0.7143775278038259,0.6274254322052002,3.563672880841723,0.6298102736473083,0.6297362982155652,0.5723637342453003,1.1228644572331965,0.5747175216674805,0.5750903146368674,0.5800392627716064,0.5354993477039335
basic,-5.0,0.4492736458778381,0.4836494459553221,0.4720511734485626,0.4811157738810144,0.3721379339694977,3.773045214931601,0.3740792274475097,0.3740529375793635,0.3531666994094848,4.974546908769207,0.3545930683612823,0.3545151179383289,0.3172309994697571,0.2371368814694638
basic,0.0,0.3727162182331085,0.4221209924378402,0.3982594609260559,0.4084183139632573,0.2879992723464966,4.971836238657389,0.2892833948135376,0.289331243556211,0.2895737588405609,3.532251277397478,0.288247287273407,0.2881652706531798,0.2509303689002991,0.119741294337279
basic,5.0,0.3500798940658569,0.3995367839547858,0.3764603734016418,0.3872978454204752,0.260536789894104,4.9725939492083535,0.2613891363143921,0.2614687131891737,0.2652859389781952,4.974794267484257,0.2652797698974609,0.2652354865459293,0.23434679210186,0.064727060016268
basic,10.0,0.3444365561008453,0.3949298832616059,0.3708655536174774,0.3819690720384767,0.2521228194236755,3.64367762973756,0.2527616024017334,0.252854353996375,0.2683564722537994,7.019519133923625,0.2684305012226105,0.2683455813938855,0.2302016913890838,0.0359223883011837
basic,15.0,0.3432058691978454,0.3943282784488112,0.3695343434810638,0.3807218524346716,0.249680683016777,3.6442320589071215,0.2501885592937469,0.2502885623344678,0.2703087925910949,6.156177161542881,0.2701310813426971,0.2700304648779066,0.2293058633804321,0.0201151995333228
basic,20.0,0.3431273698806762,0.3944441378779453,0.3693702518939972,0.3805896948959825,0.2490568459033966,0.9854076426104142,0.2494909912347793,0.2495943806701932,0.2708499729633331,6.1564436697188185,0.2706019282341003,0.2704982221361889,0.2292302548885345,0.0112963711150592
moderate,-20.0,31.94614601135254,31.93901273071868,32.9288215637207,26.73751609434024,26.52313804626465,25.96582864343785,26.857650756835938,25.77272606014722,34.56340789794922,33.78530203857476,33.70283508300781,31.31563110735928,31.68849754333496,4.893988086491848
moderate,-15.0,5.240447521209717,10.040798426297252,3.84673285484314,4.86488998261426,8.85142993927002,9.031450389439955,8.687660217285156,8.368417554619064,6.372657775878906,7.060562624772491,6.228531837463379,5.663573329691386,12.871581077575684,1.6595654806012192
moderate,-10.0,1.8706645965576167,4.098002808002446,1.867429494857788,1.882823581849896,1.69268000125885,3.3663802027376124,1.683233380317688,1.6865460285062577,1.151724934577942,1.5872194662178816,1.1165244579315186,1.1421039460143174,6.596376895904541,0.6231251853907618
moderate,-5.0,1.8070613145828247,4.042618040845021,1.7881742715835571,2.581119405050127,0.6540027260780334,2.098546877622608,0.6563999056816101,0.658672684455818,0.7956375479698181,2.213843769326496,0.7946822643280029,0.7969589650432427,5.879514217376709,0.2726564275399273
moderate,0.0,1.7903084754943848,4.032516651442158,1.7763557434082031,2.62969404981303,0.6075240969657898,2.0833433384232567,0.6104890704154968,0.609754287191848,0.7797902822494507,1.2349839921918877,0.7825623154640198,0.7857294525643965,5.914804935455322,0.1365336643523259
moderate,5.0,1.7844204902648926,4.028271696231081,1.7760581970214844,2.5606584555751617,0.597074568271637,2.08088814058904,0.6007186770439148,0.599939647144348,0.7809420824050903,1.0320125852902706,0.7809891104698181,0.7852390056357157,5.913137912750244,0.0735298606444726
moderate,10.0,1.7819056510925293,4.026155608970413,1.7773542404174805,2.503251405902829,0.5950503349304199,2.0816525456231507,0.5989919900894165,0.5981787003243826,0.8022889494895935,1.1843664138079866,0.7189533114433289,0.7204385549795413,6.001031398773193,0.0407532736375519
moderate,15.0,1.7807577848434448,4.025186361302031,1.778614163398743,2.457058605715372,0.5953636765480042,2.082842249581168,0.5994188785552979,0.5985826613169781,0.7015763521194458,1.3681940436103206,0.7053994536399841,0.7106421673037041,6.00154972076416,0.0228102548786918
moderate,20.0,1.7801992893218994,4.02471656379871,1.779280185699463,2.428400497929783,0.595879852771759,2.083254091156852,0.5999873876571655,0.5991381606580186,0.701931357383728,1.3686049823071178,0.7059469819068909,0.7112801545621678,6.001945495605469,0.0128080601009174
