scenario,bw_frac,Root-MUSIC,ReconUNet,ReconUNet-C,SubspaceNet,DA-MUSIC,SubViT
moderate,0.01,5.907478639087974,2.0128305433611176,2.052650477440648,5.33295349835388,6.71907361196532,10.07467713746081
moderate,0.02,5.930190760215306,1.850526611339278,0.8165165751365504,4.364289540866548,4.783740881809509,7.366884502239606
moderate,0.05,5.914805522475996,1.7902799039873916,0.6075307592673698,2.9176087182860777,3.60029894749475,8.723998127411985
moderate,0.1,5.665044781234159,1.938787499535621,1.6483023728636983,3.734975029022516,3.327650481783251,7.093045911923025
moderate,0.2,5.905653245273248,14.082759131240117,22.704000277419023,5.86892720454412,3.116832679485357,5.3472981741130745
moderate,0.4,5.625586485840188,24.654332362477305,26.419119209504167,8.101099030811369,2.9823135038961794,5.74477053644559
moderate,white,5.273046679578027,32.71217760367551,30.87919863782304,11.64049216693373,2.8377905027199097,6.90864915959223
crowded,0.01,9.513414172965922,9.035483945434274,5.931885811483321,11.274009452583256,8.327813622803793,20.247134332578703
crowded,0.02,9.131290447242288,5.815842045524826,3.4861952707260797,9.203401823819618,7.405268470856765,17.945315504554635
crowded,0.05,8.870641415987492,4.803749638733227,2.4457521310484664,7.912275007391571,6.65174722652757,16.32080423641161
crowded,0.1,8.79919930135872,5.002790965511198,3.0127055794940407,8.584812008345857,6.139551683694434,14.393770810852445
crowded,0.2,8.777360930600658,14.517193268059328,16.673754274126722,10.740506623727654,5.829199644327667,14.130036533158147
crowded,0.4,8.018355281472319,22.4996413692748,19.884409690345528,11.612521645132604,5.41401899108958,14.23818356209958
crowded,white,7.564984269153513,22.281291696443954,20.520052526620876,17.55735290958259,5.552117821752162,14.257114793557404
moderate3,0.01,4.859276876708841,4.690586397357585,3.371563795054381,7.679969186671656,6.289239256680833,15.210809628249566
moderate3,0.02,4.53517786594628,2.818828651229542,2.044767215284616,5.663686975831868,4.637469222838267,11.540407219410476
moderate3,0.05,4.641097848061268,2.896863769455441,0.6703751985615717,5.459091264862394,3.7853694351255256,10.961954636709091
moderate3,0.1,4.461407750544898,3.131489382782729,1.6257810312300107,5.553452541022456,3.470478885713508,8.035042867709594
moderate3,0.2,3.700870288604603,12.484487730347622,19.290403259214063,8.936942282017121,3.365647101904077,7.945497808127841
moderate3,0.4,3.750236270612365,24.715206937069883,21.97481740875962,10.47641502553722,3.254560077426676,7.407078767168431
moderate3,white,3.7187163070258498,25.893586703762956,24.56852377733157,14.101809221058303,3.3202298786253848,8.029686920003748
