scenario,K,replicas,delay_mode,bw_frac,n_scenes,r0,r1,r2,r3,r4,r5,r6,r7,gamma_mean,gamma_median,gamma_min,delay_mean_samples,delay_max_samples
moderate,2,1,coupled,0.01,1000,1.0,0.9999047009678304,0.9995616304499985,0.9989710060733556,0.9981331852384356,0.9970486650745604,0.9957180823857218,0.9941422135336231,0.9055204939618643,0.9364792282577252,0.48860170225451177,24.5965,49.9
moderate,2,1,coupled,0.02,1000,1.0,0.9992998720479247,0.9972242793843545,0.9937790110396076,0.9889736507042405,0.9828215547290773,0.9753398219590059,0.9665492556482248,0.8706311733031175,0.9049388462795531,0.44458733380906545,12.2725,24.9
moderate,2,1,coupled,0.05,1000,0.9999999999999999,0.9962646590784079,0.9851050385162244,0.9666795801319533,0.9412500760485366,0.909178003561583,0.8709195975089334,0.8270198929134147,0.8874840425247171,0.9155293241349188,0.5139067926159977,4.88,9.9
moderate,2,1,coupled,0.1,1000,0.9999999999999999,0.9840442043534195,0.937185363470603,0.8621779346360147,0.7634158432971248,0.6466724220544274,0.5188089447315987,0.38761020201865964,0.8807543119984188,0.9084579955131833,0.5780757891733046,2.4166999999999996,4.9
moderate,2,1,coupled,0.2,1000,1.0,0.935297083492395,0.756357896749301,0.5047024371131047,0.239141134583348,0.08552582733023013,0.17549721721842867,0.22933064913139997,0.8816747400097272,0.9094732469575919,0.6049093837999613,1.1865999999999999,2.4
moderate,2,1,coupled,0.4,1000,1.0,0.7577161872358328,0.23917607661683138,0.16461770455781036,0.19741739458480978,0.061472953331350805,0.13484624710799895,0.08702111237947242,0.8884041900340222,0.9131734500460386,0.6228237233556008,0.5765,1.2
moderate,2,1,coupled,white,1000,1.0,0.0393691654557855,0.039381264054519256,0.03954967798246222,0.03948319651601147,0.03812079817492579,0.039249947764421894,0.03920286264054647,0.12892035229879872,0.06331511150732066,0.0035144663980457027,4.88,9.9
crowded,4,3,coupled,0.01,1000,1.0,0.9999004061909214,0.9995485868125441,0.9989447235916826,0.998089141870378,0.9969823105891105,0.995624842226284,0.9940174927043558,0.9048221168402196,0.9316353106316224,0.4666660090194129,24.65876666666667,49.9
crowded,4,3,coupled,0.02,1000,1.0,0.9992919576983137,0.9972022907745823,0.9937368662877094,0.9889053958455677,0.9827214140333191,0.9752022486399061,0.9663689830741508,0.8732279583129784,0.9016672205866879,0.42852702053985553,12.304899999999998,24.9
crowded,4,3,coupled,0.05,1000,1.0,0.9962187829343037,0.984946824536983,0.9663454558548655,0.9406807854425167,0.9083199572250138,0.8697261299374722,0.8254524199052063,0.886835793050324,0.9127758016840453,0.5298502981474958,4.893300000000001,9.9
crowded,4,3,coupled,0.1,1000,1.0,0.984055179530955,0.937216132236471,0.8622334143260153,0.7634983916629721,0.646786020029936,0.5189697419327736,0.3878726374449429,0.8824303428641812,0.9075854188481225,0.5602938028965652,2.4227666666666665,4.9
crowded,4,3,coupled,0.2,1000,1.0,0.935528131328021,0.7572082190130327,0.5064609117197295,0.2421180548651522,0.08903917772924311,0.17445801912733627,0.22748514866979228,0.8825517243594649,0.9085929583025136,0.6021152703719426,1.1892333333333334,2.4
crowded,4,3,coupled,0.4,1000,1.0,0.757574065946426,0.2391243300393541,0.16372613732267077,0.19492445011165196,0.06275392419245422,0.13698108034722342,0.08683924299728166,0.8883611008405117,0.9115869913804094,0.6035478977969381,0.5771666666666667,1.2
crowded,4,3,coupled,white,1000,1.0,0.03928180950742256,0.03948684486693653,0.03977292815424028,0.039126343436320904,0.03915798557877071,0.03993720577468164,0.0390919446542658,0.12592067130128803,0.06200058107472156,0.001638205963010801,4.893300000000001,9.9
moderate3,3,1,coupled,0.01,1000,1.0,0.9999127534459192,0.9995762862042465,0.9989907911349789,0.9981566026107472,0.9970741964982861,0.995744190099985,0.9941673420698033,0.9050540663460842,0.9305062954679869,0.5089448749025179,25.1665,49.9
moderate3,3,1,coupled,0.02,1000,1.0,0.9993031218815225,0.9972254306838537,0.9937727693567843,0.9889548253186161,0.9827851097789347,0.9752809289183055,0.9664633473689528,0.8665103956662851,0.8941326433129124,0.4364641133042835,12.557900000000002,24.9
moderate3,3,1,coupled,0.05,1000,1.0,0.9962883029935709,0.985098685618195,0.9665905257489497,0.9410277064108802,0.9087749164956997,0.8702926656609963,0.8261312484654262,0.8843292489976673,0.9077266603203129,0.556679732280592,4.992799999999999,9.9
moderate3,3,1,coupled,0.1,1000,1.0,0.9840472119234774,0.9370602315544352,0.8617986330823608,0.7626712894275547,0.6454759976466806,0.5171086763202823,0.38540428669733956,0.8775321188572246,0.9012388580434834,0.5434156517847359,2.4714,4.9
moderate3,3,1,coupled,0.2,1000,1.0,0.9352769300862622,0.7563805203328723,0.5047901183300927,0.23934006954809103,0.0861620091595512,0.17497370824384542,0.2288839785067651,0.8782027246455679,0.9058208231798421,0.5931001323703623,1.213,2.4
moderate3,3,1,coupled,0.4,1000,1.0,0.7582064043042797,0.24061235584811255,0.16188753693170502,0.1950495110154644,0.06085417240407109,0.13363208841581786,0.08557937740000697,0.8859966308589684,0.9100931847891993,0.6211012346334243,0.5881,1.2
moderate3,3,1,coupled,white,1000,1.0,0.03912973953335223,0.03890543885165207,0.03909921666614736,0.038557848464615685,0.03896397615094083,0.03985737903604189,0.0388196339084049,0.12029755720909878,0.06219122472814031,0.0009311913247355394,4.992799999999999,9.9
