scenario,snr_db,method,rmse_deg,median_rmspe_deg,n
moderate,-20.0,Root-MUSIC,31.688495635986328,22.736591339111328,1000
moderate,-20.0,ReconUNet+Root-MUSIC,31.94631576538086,26.090354919433594,1000
moderate,-20.0,FBSS(L=5)+Root-MUSIC,28.079757690429688,16.656272888183594,1000
moderate,-20.0,FBSS(L=6)+Root-MUSIC,28.195680618286133,17.497398376464844,1000
moderate,-20.0,FBSS(L=7)+Root-MUSIC,28.48479652404785,18.048263549804688,1000
moderate,-15.0,Root-MUSIC,12.871580123901367,1.757127285003662,1000
moderate,-15.0,ReconUNet+Root-MUSIC,5.240505695343018,1.4025062322616577,1000
moderate,-15.0,FBSS(L=5)+Root-MUSIC,14.232769012451172,2.8192057609558105,1000
moderate,-15.0,FBSS(L=6)+Root-MUSIC,12.673735618591309,2.242640495300293,1000
moderate,-15.0,FBSS(L=7)+Root-MUSIC,11.526161193847656,1.9072587490081787,1000
moderate,-10.0,Root-MUSIC,6.596377372741699,0.7778674960136414,1000
moderate,-10.0,ReconUNet+Root-MUSIC,1.8706694841384888,0.7181352376937866,1000
moderate,-10.0,FBSS(L=5)+Root-MUSIC,9.25202465057373,1.3189924955368042,1000
moderate,-10.0,FBSS(L=6)+Root-MUSIC,6.940124034881592,1.0436816215515137,1000
moderate,-10.0,FBSS(L=7)+Root-MUSIC,6.490443706512451,0.9025905132293701,1000
moderate,-5.0,Root-MUSIC,5.879513740539551,0.552336573600769,1000
moderate,-5.0,ReconUNet+Root-MUSIC,1.8070552349090576,0.629814863204956,1000
moderate,-5.0,FBSS(L=5)+Root-MUSIC,8.279767036437988,0.9660246968269348,1000
moderate,-5.0,FBSS(L=6)+Root-MUSIC,6.584583282470703,0.7367883324623108,1000
moderate,-5.0,FBSS(L=7)+Root-MUSIC,6.357285499572754,0.6619862914085388,1000
moderate,0.0,Root-MUSIC,5.9148054122924805,0.4863818883895874,1000
moderate,0.0,ReconUNet+Root-MUSIC,1.7902796268463135,0.6164534091949463,1000
moderate,0.0,FBSS(L=5)+Root-MUSIC,8.535537719726562,0.8877875208854675,1000
moderate,0.0,FBSS(L=6)+Root-MUSIC,6.449572563171387,0.6639992594718933,1000
moderate,0.0,FBSS(L=7)+Root-MUSIC,6.312251091003418,0.6086761951446533,1000
moderate,5.0,Root-MUSIC,5.913137912750244,0.47312143445014954,1000
moderate,5.0,ReconUNet+Root-MUSIC,1.7844328880310059,0.6021705865859985,1000
moderate,5.0,FBSS(L=5)+Root-MUSIC,8.501521110534668,0.8806989789009094,1000
moderate,5.0,FBSS(L=6)+Root-MUSIC,6.240111351013184,0.6424998641014099,1000
moderate,5.0,FBSS(L=7)+Root-MUSIC,6.250711917877197,0.5905258655548096,1000
moderate,10.0,Root-MUSIC,6.001031875610352,0.47296595573425293,1000
moderate,10.0,ReconUNet+Root-MUSIC,1.781939148902893,0.5862054228782654,1000
moderate,10.0,FBSS(L=5)+Root-MUSIC,8.433364868164062,0.8764882683753967,1000
moderate,10.0,FBSS(L=6)+Root-MUSIC,6.23259162902832,0.647149384021759,1000
moderate,10.0,FBSS(L=7)+Root-MUSIC,6.242349147796631,0.5933711528778076,1000
moderate,15.0,Root-MUSIC,6.00154972076416,0.47097712755203247,1000
moderate,15.0,ReconUNet+Root-MUSIC,1.780720591545105,0.5831291675567627,1000
moderate,15.0,FBSS(L=5)+Root-MUSIC,8.4252290725708,0.8690024614334106,1000
moderate,15.0,FBSS(L=6)+Root-MUSIC,6.183600425720215,0.6464624404907227,1000
moderate,15.0,FBSS(L=7)+Root-MUSIC,6.238044738769531,0.5905228853225708,1000
moderate,20.0,Root-MUSIC,6.001946449279785,0.4698829650878906,1000
moderate,20.0,ReconUNet+Root-MUSIC,1.780194878578186,0.5884639024734497,1000
moderate,20.0,FBSS(L=5)+Root-MUSIC,8.421557426452637,0.8666540384292603,1000
moderate,20.0,FBSS(L=6)+Root-MUSIC,6.181186676025391,0.6527365446090698,1000
moderate,20.0,FBSS(L=7)+Root-MUSIC,6.235746383666992,0.5840247273445129,1000
advanced2_crowded,-20.0,Root-MUSIC,21.023902893066406,17.761558532714844,1000
advanced2_crowded,-20.0,ReconUNet+Root-MUSIC,18.325225830078125,15.333961486816406,1000
advanced2_crowded,-20.0,FBSS(L=5)+Root-MUSIC,19.926607131958008,14.951631546020508,1000
advanced2_crowded,-20.0,FBSS(L=6)+Root-MUSIC,18.663442611694336,14.534099578857422,1000
advanced2_crowded,-20.0,FBSS(L=7)+Root-MUSIC,18.99118423461914,15.202832221984863,1000
advanced2_crowded,-15.0,Root-MUSIC,14.658175468444824,4.733230113983154,1000
advanced2_crowded,-15.0,ReconUNet+Root-MUSIC,7.918399810791016,2.250235080718994,1000
advanced2_crowded,-15.0,FBSS(L=5)+Root-MUSIC,15.294325828552246,8.469744682312012,1000
advanced2_crowded,-15.0,FBSS(L=6)+Root-MUSIC,13.66172981262207,5.67500114440918,1000
advanced2_crowded,-15.0,FBSS(L=7)+Root-MUSIC,13.321072578430176,4.389555931091309,1000
advanced2_crowded,-10.0,Root-MUSIC,9.887351989746094,1.8118081092834473,1000
advanced2_crowded,-10.0,ReconUNet+Root-MUSIC,5.384517669677734,1.5511243343353271,1000
advanced2_crowded,-10.0,FBSS(L=5)+Root-MUSIC,13.49332046508789,5.574918746948242,1000
advanced2_crowded,-10.0,FBSS(L=6)+Root-MUSIC,11.539819717407227,3.451051950454712,1000
advanced2_crowded,-10.0,FBSS(L=7)+Root-MUSIC,10.236014366149902,2.5240602493286133,1000
advanced2_crowded,-5.0,Root-MUSIC,9.006423950195312,1.3570657968521118,1000
advanced2_crowded,-5.0,ReconUNet+Root-MUSIC,4.873623371124268,1.4460465908050537,1000
advanced2_crowded,-5.0,FBSS(L=5)+Root-MUSIC,12.509054183959961,4.903193473815918,1000
advanced2_crowded,-5.0,FBSS(L=6)+Root-MUSIC,11.330892562866211,3.182990789413452,1000
advanced2_crowded,-5.0,FBSS(L=7)+Root-MUSIC,9.899921417236328,2.287095069885254,1000
advanced2_crowded,0.0,Root-MUSIC,8.870640754699707,1.2913941144943237,1000
advanced2_crowded,0.0,ReconUNet+Root-MUSIC,4.8037495613098145,1.429929494857788,1000
advanced2_crowded,0.0,FBSS(L=5)+Root-MUSIC,12.419709205627441,4.696633815765381,1000
advanced2_crowded,0.0,FBSS(L=6)+Root-MUSIC,11.303519248962402,3.1289420127868652,1000
advanced2_crowded,0.0,FBSS(L=7)+Root-MUSIC,9.609519004821777,2.224916934967041,1000
advanced2_crowded,5.0,Root-MUSIC,8.929028511047363,1.2601759433746338,1000
advanced2_crowded,5.0,ReconUNet+Root-MUSIC,4.765787601470947,1.420323371887207,1000
advanced2_crowded,5.0,FBSS(L=5)+Root-MUSIC,12.35587215423584,4.679713249206543,1000
advanced2_crowded,5.0,FBSS(L=6)+Root-MUSIC,11.08940315246582,3.112588882446289,1000
advanced2_crowded,5.0,FBSS(L=7)+Root-MUSIC,9.567451477050781,2.2297558784484863,1000
advanced2_crowded,10.0,Root-MUSIC,8.814213752746582,1.2582173347473145,1000
advanced2_crowded,10.0,ReconUNet+Root-MUSIC,4.765285968780518,1.429443359375,1000
advanced2_crowded,10.0,FBSS(L=5)+Root-MUSIC,12.369884490966797,4.691703796386719,1000
advanced2_crowded,10.0,FBSS(L=6)+Root-MUSIC,11.029504776000977,3.1025161743164062,1000
advanced2_crowded,10.0,FBSS(L=7)+Root-MUSIC,9.619353294372559,2.2402052879333496,1000
advanced2_crowded,15.0,Root-MUSIC,8.814018249511719,1.253519058227539,1000
advanced2_crowded,15.0,ReconUNet+Root-MUSIC,4.787261962890625,1.4310047626495361,1000
advanced2_crowded,15.0,FBSS(L=5)+Root-MUSIC,12.385265350341797,4.711228370666504,1000
advanced2_crowded,15.0,FBSS(L=6)+Root-MUSIC,11.090731620788574,3.1063690185546875,1000
advanced2_crowded,15.0,FBSS(L=7)+Root-MUSIC,9.647534370422363,2.2462735176086426,1000
advanced2_crowded,20.0,Root-MUSIC,8.814254760742188,1.2544591426849365,1000
advanced2_crowded,20.0,ReconUNet+Root-MUSIC,4.787447929382324,1.418203592300415,1000
advanced2_crowded,20.0,FBSS(L=5)+Root-MUSIC,12.460539817810059,4.682117462158203,1000
advanced2_crowded,20.0,FBSS(L=6)+Root-MUSIC,11.087983131408691,3.105659008026123,1000
advanced2_crowded,20.0,FBSS(L=7)+Root-MUSIC,9.647500038146973,2.2469630241394043,1000
