pipeline,batch,ms per scene,ms per batch,peak GPU MiB
ReconUNet forward only (GPU),1,1.1553987860679626,1.1553987860679626,16.4560546875
"ReconUNet U-Net only, base_unet (GPU)",1,0.6155334413051605,0.6155334413051605,10.76611328125
"ReconUNet + Root-MUSIC (GPU net, CPU eigh/roots)",1,1.741485670208931,1.741485670208931,16.4599609375
"ReconUNet forward only (CPU, 20 threads)",1,2.548469230532646,2.548469230532646,nan
ReconUNet forward only (GPU),1024,0.032299938538926654,33.07513706386089,144.447265625
"ReconUNet U-Net only, base_unet (GPU)",1024,0.010556879715295509,10.8102448284626,144.447265625
"ReconUNet + Root-MUSIC (GPU net, CPU eigh/roots)",1024,0.07101631308614742,72.72070460021496,148.447265625
ReconUNet-C forward only (GPU),1,0.7584169507026672,0.7584169507026672,10.70166015625
"ReconUNet-C U-Net only, base_unet (GPU)",1,0.6305165588855743,0.6305165588855743,10.70166015625
"ReconUNet-C + Root-MUSIC (GPU net, CPU eigh/roots)",1,1.3295989483594894,1.3295989483594894,10.70556640625
"ReconUNet-C forward only (CPU, 20 threads)",1,0.4870351403951645,0.4870351403951645,nan
ReconUNet-C forward only (GPU),1024,0.013533594028558582,13.858400285243988,144.3828125
"ReconUNet-C U-Net only, base_unet (GPU)",1024,0.009304214472649619,9.52751561999321,144.3828125
"ReconUNet-C + Root-MUSIC (GPU net, CPU eigh/roots)",1024,0.05760604653914925,58.98859165608883,148.3828125
