snr_db,method,median_abs_err_deg,pooled_rmse_deg,mean_abs_err_deg,frac_gt_1deg,frac_gt_3deg,frac_gt_5deg,n
20.0,MUSIC-grid,0.2685811998024775,0.3714855125186332,0.3049511718399221,0.002,0.0,0.0,1000
20.0,MUSIC-refined,0.19239235523246573,5.302089506733808,0.5608942558084462,0.006,0.006,0.006,1000
20.0,Root-MUSIC,0.14703454077243805,0.2292288988828659,0.18195950984954834,0.0,0.0,0.0,1000
20.0,ReconUNet-C+MUSIC-grid,0.2697354363464162,0.3821345698416527,0.3124202078838167,0.004,0.0,0.0,1000
20.0,ReconUNet-C+MUSIC-refined,0.2240114669495814,0.9853993309415644,0.2881412806930657,0.004,0.001,0.001,1000
20.0,ReconUNet-C+Root-MUSIC,0.16287566721439362,0.24905680119991302,0.19671978056430817,0.001,0.0,0.0,1000
0.0,MUSIC-grid,0.2701408510403945,0.3800582317046734,0.31017276464269516,0.006,0.0,0.0,1000
0.0,MUSIC-refined,0.18751140923134785,3.972224451865591,0.44978727924093465,0.006,0.005,0.005,1000
0.0,Root-MUSIC,0.162602037191391,0.25092947483062744,0.19824688136577606,0.0,0.0,0.0,1000
0.0,ReconUNet-C+MUSIC-grid,0.29044140398108714,0.41475873554325127,0.3367766880149711,0.012,0.0,0.0,1000
0.0,ReconUNet-C+MUSIC-refined,0.24490199118508077,4.971808160661075,0.5091621920068198,0.008,0.002,0.002,1000
0.0,ReconUNet-C+Root-MUSIC,0.18239036202430725,0.28799429535865784,0.22492580115795135,0.003,0.0,0.0,1000
