scenario,K,replicas,delay_mode,bw_frac,method,n_scenes,rmse_deg,rmse_ci_lo,rmse_ci_hi,median_rmspe_deg,median_ci_lo,median_ci_hi,resamples
moderate,2,1,coupled,0.01,Root-MUSIC,1000,5.6396968876235345,3.7656367255915524,7.2748896910117,0.5737165983451511,0.534116247762524,0.6144625704381524,1000
moderate,2,1,coupled,0.01,ReconUNet,1000,2.425685608520118,1.302960776171453,3.4478330283413245,0.7477434885852281,0.7084159022722581,0.7999072080976309,1000
moderate,2,1,coupled,0.01,ReconUNet-C,1000,1.2244869504090472,0.9416335311219041,1.536265167644078,0.4795753593852633,0.4600681948328544,0.5101072232082735,1000
moderate,2,1,coupled,0.01,ReconUNet-CB,1000,0.9328055661883575,0.8552168853488658,1.0114340953225047,0.4823641725145821,0.4592663108654701,0.5101163884663883,1000
moderate,2,1,coupled,0.01,SubspaceNet,1000,5.848036289628416,4.631279252810671,6.93585421306975,1.3968913273104222,1.2798888807545388,1.4695720139708852,1000
moderate,2,1,coupled,0.01,DA-MUSIC,1000,6.4782252665028555,5.943031069320898,7.095658533504133,3.533602903982131,3.294628355582385,3.7505647565932336,1000
moderate,2,1,coupled,0.01,SubViT,1000,10.147460443544338,8.210685886725853,11.998427917425863,0.4139975939967949,0.39839917281029136,0.4430456059700625,1000
moderate,2,1,coupled,0.02,Root-MUSIC,1000,6.9089834817644435,4.912886829064827,8.732245846318131,0.5180419431508373,0.48840775235645906,0.5539718745207343,1000
moderate,2,1,coupled,0.02,ReconUNet,1000,2.11890974395368,1.0305698797814813,3.3528819776487024,0.6535981598983003,0.6077576148603855,0.7018874864092713,1000
moderate,2,1,coupled,0.02,ReconUNet-C,1000,2.0941397409053613,0.6677357845678571,3.4849927056114525,0.40581268746699417,0.3824211276534645,0.43274959965577897,1000
moderate,2,1,coupled,0.02,ReconUNet-CB,1000,0.7783197221199959,0.699527420156341,0.8722897083173363,0.4192709726839234,0.40469856180066915,0.43940238168587753,1000
moderate,2,1,coupled,0.02,SubspaceNet,1000,4.130788390085466,2.7582248971146552,5.430154516978012,1.1531481101683587,1.088045476706147,1.2316706594892008,1000
moderate,2,1,coupled,0.02,DA-MUSIC,1000,4.807964254555865,4.212479695717168,5.448574171606602,2.514306221171839,2.365411324738174,2.6640087299242903,1000
moderate,2,1,coupled,0.02,SubViT,1000,7.92917376688229,6.125143465165805,9.655489976081189,0.3984570728264585,0.3815487907755432,0.410518364373917,1000
moderate,2,1,coupled,0.05,Root-MUSIC,1000,5.914805522475996,4.043708442783856,7.583342516078913,0.4863819544563416,0.45602692488835217,0.5229582688773714,1000
moderate,2,1,coupled,0.05,ReconUNet,1000,1.7902799039873916,0.9721841729609142,2.7615610401303288,0.6164537804521948,0.5808961887479649,0.6462544523697396,1000
moderate,2,1,coupled,0.05,ReconUNet-C,1000,0.6075307592673698,0.5649135299812539,0.6557785262609416,0.3692944326777481,0.35381657411454714,0.38629480599281424,1000
moderate,2,1,coupled,0.05,ReconUNet-CB,1000,0.7798186115979783,0.6571573496327493,0.946979124229818,0.3810919850241731,0.3593316498547137,0.39955633826732995,1000
moderate,2,1,coupled,0.05,SubspaceNet,1000,2.9176087179155865,2.3235893863468924,3.515891504859147,1.0351403121338534,0.9864751174332774,1.0906179955478563,1000
moderate,2,1,coupled,0.05,DA-MUSIC,1000,3.60029894749475,3.1713214167451187,4.084426318354106,2.1432781301225683,2.024145495398937,2.272391576569428,1000
moderate,2,1,coupled,0.05,SubViT,1000,8.723998127411985,6.958769463177594,10.493756835105064,0.3797109356416648,0.36215643531450503,0.40416177684599686,1000
moderate,2,1,coupled,0.1,Root-MUSIC,1000,5.804466737143089,3.7853234358794725,7.612947895422153,0.5016888183982777,0.4628938332717125,0.5463354240846292,1000
moderate,2,1,coupled,0.1,ReconUNet,1000,1.3372127018447828,1.0289800666606688,1.7765142826187772,0.6497563720307692,0.624448988037976,0.6954686133543501,1000
moderate,2,1,coupled,0.1,ReconUNet-C,1000,0.8959768519929663,0.7520416343003897,1.0898076524498073,0.486343622736514,0.4623897846282281,0.5094485686370684,1000
moderate,2,1,coupled,0.1,ReconUNet-CB,1000,0.7044746265202996,0.5716969205175129,0.8881122747482529,0.37158733842016745,0.35385513772722443,0.3874919799594743,1000
moderate,2,1,coupled,0.1,SubspaceNet,1000,3.576966225843563,2.5393944162654942,4.752423588352708,1.0656306321907016,0.9967037303711455,1.1161952115749407,1000
moderate,2,1,coupled,0.1,DA-MUSIC,1000,3.020084016178057,2.79228624184327,3.2775327933558116,1.8945058637886056,1.790692596437936,2.004532402216602,1000
moderate,2,1,coupled,0.1,SubViT,1000,8.471007485459259,6.6115219838477834,10.254276408900775,0.3808193127763151,0.3640419850015446,0.4010290737393868,1000
moderate,2,1,coupled,0.2,Root-MUSIC,1000,7.292153728460211,5.086267189890981,9.148822959268298,0.5024109782090156,0.4685396454231067,0.5536550434156517,1000
moderate,2,1,coupled,0.2,ReconUNet,1000,13.758556347333938,12.213177992102711,15.22310176422045,2.2462947826888655,2.0885651912349275,2.414434351781023,1000
moderate,2,1,coupled,0.2,ReconUNet-C,1000,24.95045121170886,23.33903739363578,26.465870398850246,3.8886554924538355,3.627835663220669,4.163733276641589,1000
moderate,2,1,coupled,0.2,ReconUNet-CB,1000,0.905071914900547,0.6237148995214807,1.2629445779242383,0.38924181882883335,0.3724968991528886,0.4022486155625789,1000
moderate,2,1,coupled,0.2,SubspaceNet,1000,7.195944584705476,5.766723196020431,8.611294236636839,1.3400612842785073,1.2868644272312622,1.4071263856990013,1000
moderate,2,1,coupled,0.2,DA-MUSIC,1000,3.179668815609427,2.7648583925783683,3.7267537800685466,1.8531765527266608,1.731262754546698,1.9468558343174862,1000
moderate,2,1,coupled,0.2,SubViT,1000,8.21657343351015,6.4532871648925,9.894144872892879,0.38419576885313833,0.36509961871257546,0.4001698766948003,1000
moderate,2,1,coupled,0.4,Root-MUSIC,1000,6.814556457043206,4.623793286149004,8.621498850006288,0.49818201449130173,0.4637897278140846,0.5346464137292292,1000
moderate,2,1,coupled,0.4,ReconUNet,1000,25.609841317557038,24.54880947535095,26.635240142033922,20.76402907800459,18.970927202927765,21.897678742456165,1000
moderate,2,1,coupled,0.4,ReconUNet-C,1000,25.339140647060646,23.808711277004384,26.79601886062471,6.385557695751942,5.913312897773496,6.896699199564293,1000
moderate,2,1,coupled,0.4,ReconUNet-CB,1000,1.3484253343893213,0.6639184975219371,2.1189694417395355,0.4175989773673217,0.39527844583564453,0.4390114703079549,1000
moderate,2,1,coupled,0.4,SubspaceNet,1000,8.607722922385104,7.112980003319971,10.066921545198218,1.65245351728492,1.5612847409248538,1.726532643411943,1000
moderate,2,1,coupled,0.4,DA-MUSIC,1000,3.0400831392127516,2.6633138044139817,3.5961160292586456,1.7484473068572102,1.6561125826653593,1.8113850372918288,1000
moderate,2,1,coupled,0.4,SubViT,1000,7.909578038260252,6.065260820129655,9.679841813023302,0.38471377107496507,0.3644749562415404,0.40003136380541215,1000
moderate,2,1,coupled,white,Root-MUSIC,1000,5.273046679578027,2.9888393442932464,6.997658263704846,0.32596952750089425,0.3077205901438708,0.3612491294273349,1000
moderate,2,1,coupled,white,ReconUNet,1000,32.71217760367551,31.591932531581104,33.75313098954065,23.770018389332716,22.439140098594038,25.330101287080012,1000
moderate,2,1,coupled,white,ReconUNet-C,1000,30.879198637823038,29.558949690716116,32.23679488520319,17.330426166334384,15.398846960558007,19.100009572353095,1000
moderate,2,1,coupled,white,ReconUNet-CB,1000,0.5303300688674063,0.49399474912213254,0.5691145500263706,0.33148231713796406,0.31091288528432803,0.35195004421167897,1000
moderate,2,1,coupled,white,SubspaceNet,1000,11.64049216693373,10.378023382772565,12.971352378936762,2.895711643177914,2.735439568786821,3.0859949888791394,1000
moderate,2,1,coupled,white,DA-MUSIC,1000,2.8377905027199097,2.5753094010581274,3.1569811084113155,1.6813443767075535,1.6118088412760052,1.7826384465945888,1000
moderate,2,1,coupled,white,SubViT,1000,6.90864915959223,5.126691874953557,8.534667695349272,0.38407922221836943,0.36764504933737674,0.40195703394645044,1000
crowded,4,3,coupled,0.01,Root-MUSIC,1000,10.250311353907874,9.420061145203727,11.037389605178227,1.7917134906146543,1.648402206955116,1.9277711015787617,1000
crowded,4,3,coupled,0.01,ReconUNet,1000,9.011739379605654,8.277330634730907,9.703544797602822,2.4893010089274323,2.3805205808065755,2.6024378115194944,1000
crowded,4,3,coupled,0.01,ReconUNet-C,1000,6.407261724851917,5.641189564404834,7.149547927311554,1.7548721180946534,1.6527335623700186,1.842173684937253,1000
crowded,4,3,coupled,0.01,ReconUNet-CB,1000,5.504278399498437,4.759477486598596,6.1984840653598425,1.5762871470914497,1.5027900375845022,1.667274871009499,1000
crowded,4,3,coupled,0.01,SubspaceNet,1000,11.446359348251892,10.873844410642464,12.014698705904205,5.2919268395761705,4.927570137421209,5.843330955464926,1000
crowded,4,3,coupled,0.01,DA-MUSIC,1000,8.237338420214947,7.7922857413486835,8.69253248292796,5.246027103606148,4.9743243989219526,5.420517728750929,1000
crowded,4,3,coupled,0.01,SubViT,1000,19.70944805937889,19.006301035233154,20.40154599717471,14.407518680194528,13.296766461171242,15.942327860701447,1000
crowded,4,3,coupled,0.02,Root-MUSIC,1000,9.432472470960992,8.662945382924022,10.240872688217646,1.4013237686740094,1.3092666426010175,1.5072512104948916,1000
crowded,4,3,coupled,0.02,ReconUNet,1000,5.792883449769764,4.992413504572143,6.50415331369494,1.707904462774704,1.6564470165678251,1.7862232640867837,1000
crowded,4,3,coupled,0.02,ReconUNet-C,1000,3.1033099321967077,2.4737326978395746,3.7227883428425486,1.148751216953357,1.0983887530703098,1.2086045866413606,1000
crowded,4,3,coupled,0.02,ReconUNet-CB,1000,3.4940341252170146,2.8254178818347877,4.165723543431317,1.1695601665953959,1.1127665319605837,1.2133493631513188,1000
crowded,4,3,coupled,0.02,SubspaceNet,1000,9.136521201619601,8.473683634374211,9.766468634761702,3.3521158579193386,3.178278350886446,3.5351896512661227,1000
crowded,4,3,coupled,0.02,DA-MUSIC,1000,7.091369815551299,6.665791322285813,7.519163864128357,4.441067812944092,4.177683301799322,4.667811050188649,1000
crowded,4,3,coupled,0.02,SubViT,1000,17.084277689476256,16.21589359283725,17.88323895248972,7.874122264206433,6.631594708287281,9.201330605094984,1000
crowded,4,3,coupled,0.05,Root-MUSIC,1000,8.870641415987492,7.972142138553519,9.672831733028843,1.2913946303135915,1.1549082530982773,1.3891102892325058,1000
crowded,4,3,coupled,0.05,ReconUNet,1000,4.803749638733227,4.021625374799024,5.534536843687017,1.4299293182946708,1.3633251945834566,1.5068681667905026,1000
crowded,4,3,coupled,0.05,ReconUNet-C,1000,2.4457521310484664,1.7734317988986337,3.1084684632516453,0.9030299284893972,0.8741681958075292,0.9482617110421605,1000
crowded,4,3,coupled,0.05,ReconUNet-CB,1000,2.574914181538012,1.9574327985155244,3.182045477967569,0.9801533251951825,0.9254186430899307,1.0156859898701236,1000
crowded,4,3,coupled,0.05,SubspaceNet,1000,7.9122750170169365,7.297596464289544,8.494768244097337,2.7857140743914224,2.666927538272248,2.929498862871107,1000
crowded,4,3,coupled,0.05,DA-MUSIC,1000,6.65174722652757,6.284437245382172,7.039095843019555,4.125630623269508,3.961515843701518,4.333699288428483,1000
crowded,4,3,coupled,0.05,SubViT,1000,16.32080423641161,15.513667821326926,17.028821494627557,5.158659692614279,1.773712367710596,6.573517215520849,1000
crowded,4,3,coupled,0.1,Root-MUSIC,1000,8.766066386983297,7.9365209612553596,9.559745964008156,1.2361579314376856,1.1705660651933978,1.3240409845652468,1000
crowded,4,3,coupled,0.1,ReconUNet,1000,5.4500000000788615,4.720134898556421,6.166884261900358,1.6077415038790566,1.5233420391775605,1.6677831663417884,1000
crowded,4,3,coupled,0.1,ReconUNet-C,1000,3.0942924582292166,2.376760032395402,3.7960413104041644,1.0506433093936747,1.0025266025636372,1.1019673207162481,1000
crowded,4,3,coupled,0.1,ReconUNet-CB,1000,2.957286924942776,2.1875307728415074,3.6517722777880834,0.9133598502453089,0.8715860346213885,0.9669675004844697,1000
crowded,4,3,coupled,0.1,SubspaceNet,1000,7.990166531196391,7.409439901855783,8.540793695552125,2.572472100019093,2.450084834471027,2.713245080056859,1000
crowded,4,3,coupled,0.1,DA-MUSIC,1000,5.986727987763337,5.651933672277731,6.348642327297186,3.865299601967325,3.7314915339633803,4.028205584998525,1000
crowded,4,3,coupled,0.1,SubViT,1000,16.31173795476161,15.616193288545063,17.087756874884043,6.167184756841989,2.56476650374136,7.495424072212498,1000
crowded,4,3,coupled,0.2,Root-MUSIC,1000,9.995672539005767,9.091481109913142,10.860957669830196,1.230621403436012,1.1149045851849975,1.4028345378377984,1000
crowded,4,3,coupled,0.2,ReconUNet,1000,14.194524801511617,13.54987557718892,14.848269901580084,5.103498499970604,4.539026522288787,5.903728596715157,1000
crowded,4,3,coupled,0.2,ReconUNet-C,1000,17.605978949849487,16.89075533257315,18.30235906601497,12.132018135588293,10.845937320641614,13.346201009843872,1000
crowded,4,3,coupled,0.2,ReconUNet-CB,1000,2.7707150886944745,2.0729133395579935,3.433839297664157,0.9197053177501517,0.8784288559558922,0.9741579729822227,1000
crowded,4,3,coupled,0.2,SubspaceNet,1000,11.200446905194049,10.555843406946035,11.84138978298776,3.607568950159788,3.395025532398437,3.8873211026378014,1000
crowded,4,3,coupled,0.2,DA-MUSIC,1000,6.37077346081112,5.905431881401595,6.812208724484397,3.9352481289172596,3.7581427226569093,4.103018085316962,1000
crowded,4,3,coupled,0.2,SubViT,1000,16.493412762503034,15.754239654779147,17.2528171221775,5.158288106711195,1.3943903072685986,7.03308478934977,1000
crowded,4,3,coupled,0.4,Root-MUSIC,1000,9.895285468269762,9.039699941366935,10.705838436099656,1.375151005813493,1.2584586780485267,1.5138654616949214,1000
crowded,4,3,coupled,0.4,ReconUNet,1000,22.433429373610824,21.81737757840618,23.128877169400315,19.19596595622754,18.514634521961728,19.776164855936713,1000
crowded,4,3,coupled,0.4,ReconUNet-C,1000,19.681092204323203,18.97023797692996,20.346174308859855,15.45881432693088,14.432356912495283,16.65181465842855,1000
crowded,4,3,coupled,0.4,ReconUNet-CB,1000,3.31274837928075,2.5167324281285897,4.007351006521895,0.9742208616906218,0.9327268570761543,1.0212047926289625,1000
crowded,4,3,coupled,0.4,SubspaceNet,1000,11.6828175037171,11.121189072236014,12.323267601201113,4.61978681906462,4.320357459125982,4.924408911941433,1000
crowded,4,3,coupled,0.4,DA-MUSIC,1000,6.532355537938763,6.062204276938204,7.057964250371237,3.812509329666055,3.63484537104424,4.021300498167156,1000
crowded,4,3,coupled,0.4,SubViT,1000,16.680000731551367,15.787408394746052,17.515747749538328,5.93953247398041,3.280328241452003,7.57992356397375,1000
crowded,4,3,coupled,white,Root-MUSIC,1000,7.564984269153513,6.801534768839607,8.364874058450962,1.0932964418748492,1.0050769116799845,1.20502758176538,1000
crowded,4,3,coupled,white,ReconUNet,1000,22.281291696443954,21.610134684958613,22.97602211328382,18.222142460211437,17.478132803799536,18.929228540416183,1000
crowded,4,3,coupled,white,ReconUNet-C,1000,20.520052526620873,19.91848318771358,21.09638605232678,17.352594547706218,16.669226553449562,18.16059641589802,1000
crowded,4,3,coupled,white,ReconUNet-CB,1000,2.813047192954774,2.018488434754834,3.6119261248535213,0.7848768496770506,0.7562671397023754,0.8228463533538192,1000
crowded,4,3,coupled,white,SubspaceNet,1000,17.557352909358517,16.93919037744301,18.16666104482793,14.574736613027584,13.446971148427973,15.624976567496022,1000
crowded,4,3,coupled,white,DA-MUSIC,1000,5.552117821752162,5.156498674527359,5.930983726757262,3.456946212308532,3.235149118251766,3.6037549452338076,1000
crowded,4,3,coupled,white,SubViT,1000,14.257114793557403,13.402606667594029,15.07951878467474,0.9540966867842104,0.8592534769635561,1.0908557279853055,1000
moderate3,3,1,coupled,0.01,Root-MUSIC,1000,5.281285535913182,4.011354388873339,6.465849988129374,0.6334197883967178,0.6034593805773504,0.6722535459978135,1000
moderate3,3,1,coupled,0.01,ReconUNet,1000,5.882991261027328,4.734502208935853,7.048544073744296,1.2167808848723984,1.1432607624106983,1.268994432056017,1000
moderate3,3,1,coupled,0.01,ReconUNet-C,1000,3.9101734402794937,2.7961853121925366,4.940157010838468,0.7759158803678445,0.7376144964542944,0.8149215918098593,1000
moderate3,3,1,coupled,0.01,ReconUNet-CB,1000,2.4485553670227107,1.136258253945039,3.6534220271763287,0.6942836792079914,0.6594698584721332,0.733125802679882,1000
moderate3,3,1,coupled,0.01,SubspaceNet,1000,7.71883463939562,6.930186902983173,8.499617811652872,2.1448839905065515,2.049898665507482,2.283619208819808,1000
moderate3,3,1,coupled,0.01,DA-MUSIC,1000,6.618219461567898,6.046861192714265,7.218544723340467,4.010461060130062,3.8188762024900784,4.140902035815041,1000
moderate3,3,1,coupled,0.01,SubViT,1000,14.85840038333416,13.729967425617565,15.981587074952095,0.5892758700967022,0.556476863975913,0.6181394327070417,1000
moderate3,3,1,coupled,0.02,Root-MUSIC,1000,4.505535777609877,3.1594340430753762,5.803375448521865,0.5409235802624068,0.502876243209323,0.5701734202912503,1000
moderate3,3,1,coupled,0.02,ReconUNet,1000,2.9177859251747784,1.7255468999227928,3.9732383223827097,0.8646713103282531,0.8191113701711144,0.9095442811607216,1000
moderate3,3,1,coupled,0.02,ReconUNet-C,1000,1.6564729927644735,0.7820263863426952,2.617316848972333,0.5381176742805676,0.5160119672428525,0.5582020785346093,1000
moderate3,3,1,coupled,0.02,ReconUNet-CB,1000,1.2018804734999637,0.840423057617085,1.6625691209374116,0.5629765344039136,0.5350428741064486,0.5938580828190092,1000
moderate3,3,1,coupled,0.02,SubspaceNet,1000,5.292126977833678,4.36622813250374,6.15018413351931,1.580892020058995,1.519935471961623,1.6674627288897452,1000
moderate3,3,1,coupled,0.02,DA-MUSIC,1000,4.547629712275951,4.225089389177747,4.890547067767211,2.94701928515932,2.800556427955279,3.094769529188796,1000
moderate3,3,1,coupled,0.02,SubViT,1000,10.927010678006539,9.724909757072691,12.081588224733695,0.455987674829307,0.43593365000874645,0.4744160261682033,1000
moderate3,3,1,coupled,0.05,Root-MUSIC,1000,4.641097848061268,3.329821402979008,5.874553102845537,0.5210170381129965,0.4765395653293379,0.5646535987709476,1000
moderate3,3,1,coupled,0.05,ReconUNet,1000,2.896863769455441,1.6561239498557878,3.9780097968043413,0.7548730558298969,0.7186726259979832,0.7947198038227203,1000
moderate3,3,1,coupled,0.05,ReconUNet-C,1000,0.6703751985615717,0.6313804260595066,0.7088864369604416,0.4483000794459696,0.4321904769531184,0.46650446173672083,1000
moderate3,3,1,coupled,0.05,ReconUNet-CB,1000,0.7730998546141322,0.702557110696713,0.8588821248405201,0.4787071416965757,0.459619499317091,0.5029686282513289,1000
moderate3,3,1,coupled,0.05,SubspaceNet,1000,5.459091264862394,4.43727479862711,6.436104435100845,1.3440048137401974,1.2807895316574205,1.4158693895731342,1000
moderate3,3,1,coupled,0.05,DA-MUSIC,1000,3.7853694351255256,3.5167676827773575,4.0472835665283915,2.577181856463418,2.43113334088025,2.6842050655123595,1000
moderate3,3,1,coupled,0.05,SubViT,1000,10.961954636709091,9.564770292204944,12.195599079181937,0.42905072845233333,0.40947064628421576,0.4479114337756656,1000
moderate3,3,1,coupled,0.1,Root-MUSIC,1000,4.3424574403204375,3.1567254037435397,5.417553009775339,0.5108567443840831,0.4747668458955879,0.5478750045419932,1000
moderate3,3,1,coupled,0.1,ReconUNet,1000,3.1320338458155352,1.8336635922731717,4.275352359831716,0.8140489737956997,0.7893540340025917,0.8608520178681146,1000
moderate3,3,1,coupled,0.1,ReconUNet-C,1000,1.8727663613489967,0.8745603473640838,2.863728862265996,0.5685323540416216,0.5533629396766759,0.5971893158384856,1000
moderate3,3,1,coupled,0.1,ReconUNet-CB,1000,0.7026392395350401,0.6256353798099539,0.7854421472131439,0.4380963265238042,0.41666342890677327,0.4591217804049513,1000
moderate3,3,1,coupled,0.1,SubspaceNet,1000,5.255726494860783,4.280439452200247,6.281301763437823,1.262483749903812,1.2075777459943569,1.3099424403714153,1000
moderate3,3,1,coupled,0.1,DA-MUSIC,1000,3.5670308256582426,3.2966321802041416,3.8463465896316897,2.3944302270382605,2.2916470160109523,2.4811101208913433,1000
moderate3,3,1,coupled,0.1,SubViT,1000,9.628267830267667,8.291878540193624,10.978250349624208,0.4145216485849112,0.40149006532137343,0.43218328517569066,1000
moderate3,3,1,coupled,0.2,Root-MUSIC,1000,4.854276355536338,3.5768877395173213,6.087591936344605,0.49212831255973943,0.4670615762179542,0.5280205135403355,1000
moderate3,3,1,coupled,0.2,ReconUNet,1000,12.989033553129286,12.08398870563792,13.923629528341243,2.7439082126036105,2.581760886366578,2.9200247478947983,1000
moderate3,3,1,coupled,0.2,ReconUNet-C,1000,20.055476083895446,19.057817194968713,20.950019557529334,5.806098510237106,5.160683590018197,6.570008658526646,1000
moderate3,3,1,coupled,0.2,ReconUNet-CB,1000,0.6691725150750242,0.6117531499671702,0.7460616713742334,0.44163401837701793,0.4210003401519688,0.46612964408545005,1000
moderate3,3,1,coupled,0.2,SubspaceNet,1000,9.327486713291657,8.391039399447374,10.294770074562338,1.7687950196656872,1.6764507474078496,1.8380722126346174,1000
moderate3,3,1,coupled,0.2,DA-MUSIC,1000,3.5423017893890907,3.278354435621335,3.8546695978459518,2.3241648492306117,2.2267080137658466,2.4523312513404294,1000
moderate3,3,1,coupled,0.2,SubViT,1000,9.79107122694494,8.425925250091138,11.012798946114492,0.4166624160190955,0.39861519242335564,0.43413820550941323,1000
moderate3,3,1,coupled,0.4,Root-MUSIC,1000,4.9359946059087605,3.559111160009499,6.153013224226631,0.5002346593619142,0.48077627683435487,0.5447853650930763,1000
moderate3,3,1,coupled,0.4,ReconUNet,1000,24.604141836887745,23.885231417798924,25.329204246211088,21.723457901125443,20.647587388246222,22.472886530795023,1000
moderate3,3,1,coupled,0.4,ReconUNet-C,1000,21.86037253788031,20.952128574793168,22.71174284091195,12.682013533661973,11.445272802151932,14.65891352196489,1000
moderate3,3,1,coupled,0.4,ReconUNet-CB,1000,0.9814476854458657,0.6829549604781582,1.3843302530597978,0.46672335783762775,0.4342847882746837,0.4953980654996542,1000
moderate3,3,1,coupled,0.4,SubspaceNet,1000,9.902616210348848,8.916349622573883,10.796178776314786,2.258732321340832,2.1572489719740084,2.395445464856503,1000
moderate3,3,1,coupled,0.4,DA-MUSIC,1000,3.5324370789835102,3.2610832622114354,3.8122814163256136,2.304748680080249,2.1996689223768375,2.408099218505162,1000
moderate3,3,1,coupled,0.4,SubViT,1000,9.68050563883245,8.468774268585706,10.875169816845258,0.4052876005030649,0.38853547084948414,0.4239758178273694,1000
moderate3,3,1,coupled,white,Root-MUSIC,1000,3.7187163070258498,2.381673642393028,4.89799314013418,0.3832985264335477,0.35949461345466044,0.4041585287311632,1000
moderate3,3,1,coupled,white,ReconUNet,1000,25.893586703762953,25.095743963932502,26.646290484099534,21.848086321187143,21.084293675725192,22.75398908501272,1000
moderate3,3,1,coupled,white,ReconUNet-C,1000,24.56852377733157,23.76993222885003,25.340760280970613,18.854271442802116,17.462639943777496,20.040146295625593,1000
moderate3,3,1,coupled,white,ReconUNet-CB,1000,0.6002983042137059,0.5656829586272906,0.6345558701728466,0.3961105238385214,0.37972169246604,0.41741759492480773,1000
moderate3,3,1,coupled,white,SubspaceNet,1000,14.101809238959396,13.30004455079323,14.943641809137487,4.128281005480307,3.9735572327457507,4.3923094430518725,1000
moderate3,3,1,coupled,white,DA-MUSIC,1000,3.3202298786253848,3.011538736932568,3.6903334379534947,2.1716676304390967,2.1029675242499772,2.3161829831850027,1000
moderate3,3,1,coupled,white,SubViT,1000,8.029686920003748,6.753463135749225,9.308144010416147,0.41300954993045524,0.39142562479544124,0.4323536180578138,1000
